image_id,filepath,kind,tradition,original_path,product_name,brands,image_url,source,licence,commons_title,artist,credit,descriptionurl,style_licence
00184849,data\processed\packaging\00184849.png,packaging,,data\raw\packaging\00184849.jpg,Kerala Nendran Banana Chips,Noice,https://images.openfoodfacts.org/images/products/000/000/018/4849/front_en.3.full.jpg,open_food_facts,CC-BY-SA,,,,,
00291238,data\processed\packaging\00291238.png,packaging,,data\raw\packaging\00291238.jpg,Salted Potato Wafers,Noice,https://images.openfoodfacts.org/images/products/000/000/029/1238/front_en.3.full.jpg,open_food_facts,CC-BY-SA,,,,,
06231512,data\processed\packaging\06231512.png,packaging,,data\raw\packaging\06231512.jpg,India's magic masala,Lay's,https://images.openfoodfacts.org/images/products/000/000/623/1512/front_en.4.full.jpg,open_food_facts,CC-BY-SA,,,,,
0793591862453,data\processed\packaging\0793591862453.png,packaging,,data\raw\packaging\0793591862453.jpg,Kerala Banana Chips,Byond Snack,https://images.openfoodfacts.org/images/products/079/359/186/2453/front_en.3.full.jpg,open_food_facts,CC-BY-SA,,,,,
0793591862460,data\processed\packaging\0793591862460.png,packaging,,data\raw\packaging\0793591862460.jpg,Kerala Banana Chips,Beyond Snacks,https://images.openfoodfacts.org/images/products/079/359/186/2460/front_en.3.full.jpg,open_food_facts,CC-BY-SA,,,,,
0793591862477,data\processed\packaging\0793591862477.png,packaging,,data\raw\packaging\0793591862477.jpg,kerala chips,beyond snacks,https://images.openfoodfacts.org/images/products/079/359/186/2477/front_en.4.full.jpg,open_food_facts,CC-BY-SA,,,,,
0794712831693,data\processed\packaging\0794712831693.png,packaging,,data\raw\packaging\0794712831693.jpg,Banana chips,Beyond snack,https://images.openfoodfacts.org/images/products/079/471/283/1693/front_en.3.full.jpg,open_food_facts,CC-BY-SA,,,,,
0796548217719,data\processed\packaging\0796548217719.png,packaging,,data\raw\packaging\0796548217719.jpg,,,https://images.openfoodfacts.org/images/products/079/654/821/7719/front_en.7.full.jpg,open_food_facts,CC-BY-SA,,,,,
0825925535082,data\processed\packaging\0825925535082.png,packaging,,data\raw\packaging\0825925535082.jpg,,,https://images.openfoodfacts.org/images/products/082/592/553/5082/front_en.3.full.jpg,open_food_facts,CC-BY-SA,,,,,
0921381982870,data\processed\packaging\0921381982870.png,packaging,,data\raw\packaging\0921381982870.jpg,,Lay's,https://images.openfoodfacts.org/images/products/092/138/198/2870/front_en.3.full.jpg,open_food_facts,CC-BY-SA,,,,,
12751112,data\processed\packaging\12751112.png,packaging,,data\raw\packaging\12751112.jpg,Haldirams Aloo Bhujia,Haldiram,https://images.openfoodfacts.org/images/products/000/001/275/1112/front_en.3.full.jpg,open_food_facts,CC-BY-SA,,,,,
24998796,data\processed\packaging\24998796.png,packaging,,data\raw\packaging\24998796.jpg,Classic salted chips,Swagath,https://images.openfoodfacts.org/images/products/000/002/499/8796/front_en.5.full.jpg,open_food_facts,CC-BY-SA,,,,,
3168930007432,data\processed\packaging\3168930007432.png,packaging,,data\raw\packaging\3168930007432.jpg,Chips barbecue,Lay's,https://images.openfoodfacts.org/images/products/316/893/000/7432/front_fr.52.full.jpg,open_food_facts,CC-BY-SA,,,,,
3420301704808,data\processed\packaging\3420301704808.png,packaging,,data\raw\packaging\3420301704808.jpg,India's Magic Masala,Lay's,https://images.openfoodfacts.org/images/products/342/030/170/4808/front_en.3.full.jpg,open_food_facts,CC-BY-SA,,,,,
3948491405003,data\processed\packaging\3948491405003.png,packaging,,data\raw\packaging\3948491405003.jpg,Plain,Uncle Chipps,https://images.openfoodfacts.org/images/products/394/849/140/5003/front_en.3.full.jpg,open_food_facts,CC-BY-SA,,,,,
4901521111458,data\processed\packaging\4901521111458.png,packaging,,data\raw\packaging\4901521111458.jpg,chips,bingo,https://images.openfoodfacts.org/images/products/490/152/111/1458/front_en.12.full.jpg,open_food_facts,CC-BY-SA,,,,,
5026489484761,data\processed\packaging\5026489484761.png,packaging,,data\raw\packaging\5026489484761.jpg,Quinoa chips,Cofresh,https://images.openfoodfacts.org/images/products/502/648/948/4761/front_en.4.full.jpg,open_food_facts,CC-BY-SA,,,,,
6001069206581,data\processed\packaging\6001069206581.png,packaging,,data\raw\packaging\6001069206581.jpg,Potato Chips Salt & Vinegar Flavour,Lay's,https://images.openfoodfacts.org/images/products/600/106/920/6581/front_en.10.full.jpg,open_food_facts,CC-BY-SA,,,,,
6009510804782,data\processed\packaging\6009510804782.png,packaging,,data\raw\packaging\6009510804782.jpg,Potato Chips Salted,Lay's,https://images.openfoodfacts.org/images/products/600/951/080/4782/front_fr.26.full.jpg,open_food_facts,CC-BY-SA,,,,,
6009510806151,data\processed\packaging\6009510806151.png,packaging,,data\raw\packaging\6009510806151.jpg,classic salted chips,Lay's,https://images.openfoodfacts.org/images/products/600/951/080/6151/front_en.20.full.jpg,open_food_facts,CC-BY-SA,,,,,
6784005228563,data\processed\packaging\6784005228563.png,packaging,,data\raw\packaging\6784005228563.jpg,,,https://images.openfoodfacts.org/images/products/678/400/522/8563/front_en.3.full.jpg,open_food_facts,CC-BY-SA,,,,,
6900090572132,data\processed\packaging\6900090572132.png,packaging,,data\raw\packaging\6900090572132.jpg,,,https://images.openfoodfacts.org/images/products/690/009/057/2132/front_en.3.full.jpg,open_food_facts,CC-BY-SA,,,,,
8429417241714,data\processed\packaging\8429417241714.png,packaging,,data\raw\packaging\8429417241714.jpg,,,https://images.openfoodfacts.org/images/products/842/941/724/1714/front_es.5.full.jpg,open_food_facts,CC-BY-SA,,,,,
8886467100277,data\processed\packaging\8886467100277.png,packaging,,data\raw\packaging\8886467100277.jpg,Pringles - Original,Pringles,https://images.openfoodfacts.org/images/products/888/646/710/0277/front_en.17.full.jpg,open_food_facts,CC-BY-SA,,,,,
8886467122392,data\processed\packaging\8886467122392.png,packaging,,data\raw\packaging\8886467122392.jpg,PRINGLES ( ORIGINAL ),"Pringles, Kellanova",https://images.openfoodfacts.org/images/products/888/646/712/2392/front_en.26.full.jpg,open_food_facts,CC-BY-SA,,,,,
8886467122408,data\processed\packaging\8886467122408.png,packaging,,data\raw\packaging\8886467122408.jpg,Potato chips,Pringles,https://images.openfoodfacts.org/images/products/888/646/712/2408/front_en.10.full.jpg,open_food_facts,CC-BY-SA,,,,,
8886467122415,data\processed\packaging\8886467122415.png,packaging,,data\raw\packaging\8886467122415.jpg,Pringles,Pringles,https://images.openfoodfacts.org/images/products/888/646/712/2415/front_en.21.full.jpg,open_food_facts,CC-BY-SA,,,,,
8886467122422,data\processed\packaging\8886467122422.png,packaging,,data\raw\packaging\8886467122422.jpg,Fusion Chutney Flavour,"Kellogg's, Pringles",https://images.openfoodfacts.org/images/products/888/646/712/2422/front_en.3.full.jpg,open_food_facts,CC-BY-SA,,,,,
8886467122439,data\processed\packaging\8886467122439.png,packaging,,data\raw\packaging\8886467122439.jpg,Pringles Desi Masala Tadka Flavour,Pringles,https://images.openfoodfacts.org/images/products/888/646/712/2439/front_en.3.full.jpg,open_food_facts,CC-BY-SA,,,,,
8886467122446,data\processed\packaging\8886467122446.png,packaging,,data\raw\packaging\8886467122446.jpg,Pringles - South African Style Periperi Flavour,Pringles,https://images.openfoodfacts.org/images/products/888/646/712/2446/front_en.18.full.jpg,open_food_facts,CC-BY-SA,,,,,
8886467122866,data\processed\packaging\8886467122866.png,packaging,,data\raw\packaging\8886467122866.jpg,pringles,Pringles,https://images.openfoodfacts.org/images/products/888/646/712/2866/front_en.3.full.jpg,open_food_facts,CC-BY-SA,,,,,
8886467122873,data\processed\packaging\8886467122873.png,packaging,,data\raw\packaging\8886467122873.jpg,pringls,Pringles,https://images.openfoodfacts.org/images/products/888/646/712/2873/front_en.3.full.jpg,open_food_facts,CC-BY-SA,,,,,
8886467124716,data\processed\packaging\8886467124716.png,packaging,,data\raw\packaging\8886467124716.jpg,Pringles original,Pringles,https://images.openfoodfacts.org/images/products/888/646/712/4716/front_en.11.full.jpg,open_food_facts,CC-BY-SA,,,,,
8886467124723,data\processed\packaging\8886467124723.png,packaging,,data\raw\packaging\8886467124723.jpg,Pringles sour cream 40g,,https://images.openfoodfacts.org/images/products/888/646/712/4723/front_en.3.full.jpg,open_food_facts,CC-BY-SA,,,,,
8901063364745,data\processed\packaging\8901063364745.png,packaging,,data\raw\packaging\8901063364745.jpg,,,https://images.openfoodfacts.org/images/products/890/106/336/4745/front_en.3.full.jpg,open_food_facts,CC-BY-SA,,,,,
8901088722964,data\processed\packaging\8901088722964.png,packaging,,data\raw\packaging\8901088722964.jpg,Crunchies Millet Cones,Saffola,https://images.openfoodfacts.org/images/products/890/108/872/2964/front_en.3.full.jpg,open_food_facts,CC-BY-SA,,,,,
8901088724197,data\processed\packaging\8901088724197.png,packaging,,data\raw\packaging\8901088724197.jpg,Munchiez Ragi Chips,Saffola,https://images.openfoodfacts.org/images/products/890/108/872/4197/front_en.5.full.jpg,open_food_facts,CC-BY-SA,,,,,
8901491000192,data\processed\packaging\8901491000192.png,packaging,,data\raw\packaging\8901491000192.jpg,Doritod cheese flavor,20rs,https://images.openfoodfacts.org/images/products/890/149/100/0192/front_fr.3.full.jpg,open_food_facts,CC-BY-SA,,,,,
8901491000208,data\processed\packaging\8901491000208.png,packaging,,data\raw\packaging\8901491000208.jpg,Sweet chilli Doritos,Doritos,https://images.openfoodfacts.org/images/products/890/149/100/0208/front_en.11.full.jpg,open_food_facts,CC-BY-SA,,,,,
8901491000659,data\processed\packaging\8901491000659.png,packaging,,data\raw\packaging\8901491000659.jpg,cheetos,pepsico india,https://images.openfoodfacts.org/images/products/890/149/100/0659/front_en.3.full.jpg,open_food_facts,CC-BY-SA,,,,,
8901491000772,data\processed\packaging\8901491000772.png,packaging,,data\raw\packaging\8901491000772.jpg,Lays american onion 80gm,Lay's,https://images.openfoodfacts.org/images/products/890/149/100/0772/front_en.33.full.jpg,open_food_facts,CC-BY-SA,,,,,
8901491000789,data\processed\packaging\8901491000789.png,packaging,,data\raw\packaging\8901491000789.jpg,Lays India's magic masala,Lay's,https://images.openfoodfacts.org/images/products/890/149/100/0789/front_en.30.full.jpg,open_food_facts,CC-BY-SA,,,,,
8901491000871,data\processed\packaging\8901491000871.png,packaging,,data\raw\packaging\8901491000871.jpg,Doritos Masala Mayhem Flavour,PepsiCo,https://images.openfoodfacts.org/images/products/890/149/100/0871/front_en.4.full.jpg,open_food_facts,CC-BY-SA,,,,,
8901491001021,data\processed\packaging\8901491001021.png,packaging,,data\raw\packaging\8901491001021.jpg,Classic Salted,Lay's,https://images.openfoodfacts.org/images/products/890/149/100/1021/front_en.3.full.jpg,open_food_facts,CC-BY-SA,,,,,
8901491001038,data\processed\packaging\8901491001038.png,packaging,,data\raw\packaging\8901491001038.jpg,Lays Spanish 50,Lay's,https://images.openfoodfacts.org/images/products/890/149/100/1038/front_en.5.full.jpg,open_food_facts,CC-BY-SA,,,,,
8901491001045,data\processed\packaging\8901491001045.png,packaging,,data\raw\packaging\8901491001045.jpg,Spanish Tomato Tango Flavour,Lay's,https://images.openfoodfacts.org/images/products/890/149/100/1045/front_en.10.full.jpg,open_food_facts,CC-BY-SA,,,,,
8901491001052,data\processed\packaging\8901491001052.png,packaging,,data\raw\packaging\8901491001052.jpg,Lays salted Chips 30,Lay's,https://images.openfoodfacts.org/images/products/890/149/100/1052/front_fr.3.full.jpg,open_food_facts,CC-BY-SA,,,,,
8901491001069,data\processed\packaging\8901491001069.png,packaging,,data\raw\packaging\8901491001069.jpg,India’s Magic Masala 30,Lay's,https://images.openfoodfacts.org/images/products/890/149/100/1069/front_en.3.full.jpg,open_food_facts,CC-BY-SA,,,,,
8901491001076,data\processed\packaging\8901491001076.png,packaging,,data\raw\packaging\8901491001076.jpg,American Style Cream and onion chips,Lay's,https://images.openfoodfacts.org/images/products/890/149/100/1076/front_en.12.full.jpg,open_food_facts,CC-BY-SA,,,,,
8901491001083,data\processed\packaging\8901491001083.png,packaging,,data\raw\packaging\8901491001083.jpg,Doritos Sweet Chilli,Doritos,https://images.openfoodfacts.org/images/products/890/149/100/1083/front_en.3.full.jpg,open_food_facts,CC-BY-SA,,,,,
8901491001113,data\processed\packaging\8901491001113.png,packaging,,data\raw\packaging\8901491001113.jpg,,Doritos,https://images.openfoodfacts.org/images/products/890/149/100/1113/front_en.4.full.jpg,open_food_facts,CC-BY-SA,,,,,
8901491001120,data\processed\packaging\8901491001120.png,packaging,,data\raw\packaging\8901491001120.jpg,Lays american style cream and onion,Lay's,https://images.openfoodfacts.org/images/products/890/149/100/1120/front_en.9.full.jpg,open_food_facts,CC-BY-SA,,,,,
8901491001168,data\processed\packaging\8901491001168.png,packaging,,data\raw\packaging\8901491001168.jpg,Masala munch,,https://images.openfoodfacts.org/images/products/890/149/100/1168/front_fr.3.full.jpg,open_food_facts,CC-BY-SA,,,,,
8901491001755,data\processed\packaging\8901491001755.png,packaging,,data\raw\packaging\8901491001755.jpg,Wafer Style Tangy Treat Flavour,Lay's,https://images.openfoodfacts.org/images/products/890/149/100/1755/front_en.3.full.jpg,open_food_facts,CC-BY-SA,,,,,
8901491001786,data\processed\packaging\8901491001786.png,packaging,,data\raw\packaging\8901491001786.jpg,Wafers Style Salt with Pepper,Lay's,https://images.openfoodfacts.org/images/products/890/149/100/1786/front_fr.3.full.jpg,open_food_facts,CC-BY-SA,,,,,
8901491001809,data\processed\packaging\8901491001809.png,packaging,,data\raw\packaging\8901491001809.jpg,Lay's Sizzlin Hot,Lay's,https://images.openfoodfacts.org/images/products/890/149/100/1809/front_en.13.full.jpg,open_food_facts,CC-BY-SA,,,,,
8901491001816,data\processed\packaging\8901491001816.png,packaging,,data\raw\packaging\8901491001816.jpg,West indies hot n sweet chilli lays,Lay's,https://images.openfoodfacts.org/images/products/890/149/100/1816/front_en.5.full.jpg,open_food_facts,CC-BY-SA,,,,,
8901491001854,data\processed\packaging\8901491001854.png,packaging,,data\raw\packaging\8901491001854.jpg,PEPSICO.,Lay's,https://images.openfoodfacts.org/images/products/890/149/100/1854/front_en.22.full.jpg,open_food_facts,CC-BY-SA,,,,,
8901491002141,data\processed\packaging\8901491002141.png,packaging,,data\raw\packaging\8901491002141.jpg,Gourmet limed and cracked pepper chips,Lay's,https://images.openfoodfacts.org/images/products/890/149/100/2141/front_fr.3.full.jpg,open_food_facts,CC-BY-SA,,,,,
8901491002349,data\processed\packaging\8901491002349.png,packaging,,data\raw\packaging\8901491002349.jpg,Sizzlin hot nacho,10rs,https://images.openfoodfacts.org/images/products/890/149/100/2349/front_fr.16.full.jpg,open_food_facts,CC-BY-SA,,,,,
8901491002486,data\processed\packaging\8901491002486.png,packaging,,data\raw\packaging\8901491002486.jpg,8.90149E+12,Kurkure,https://images.openfoodfacts.org/images/products/890/149/100/2486/front_en.3.full.jpg,open_food_facts,CC-BY-SA,,,,,
8901491003025,data\processed\packaging\8901491003025.png,packaging,,data\raw\packaging\8901491003025.jpg,Dinamita Sizzling Hot,Doritos,https://images.openfoodfacts.org/images/products/890/149/100/3025/front_en.3.full.jpg,open_food_facts,CC-BY-SA,,,,,
8901491003124,data\processed\packaging\8901491003124.png,packaging,,data\raw\packaging\8901491003124.jpg,West Indies' Hot 'n' Sweet Chilli,Lay's,https://images.openfoodfacts.org/images/products/890/149/100/3124/front_en.3.full.jpg,open_food_facts,CC-BY-SA,,,,,
8901491003155,data\processed\packaging\8901491003155.png,packaging,,data\raw\packaging\8901491003155.jpg,Uncle Chipps Plain Salty,Uncle Chipps,https://images.openfoodfacts.org/images/products/890/149/100/3155/front_en.3.full.jpg,open_food_facts,CC-BY-SA,,,,,
8901491003162,data\processed\packaging\8901491003162.png,packaging,,data\raw\packaging\8901491003162.jpg,8.90149E+12,chips,https://images.openfoodfacts.org/images/products/890/149/100/3162/front_en.17.full.jpg,open_food_facts,CC-BY-SA,,,,,
8901491003537,data\processed\packaging\8901491003537.png,packaging,,data\raw\packaging\8901491003537.jpg,Cheetos Masala Balls,Cheetos,https://images.openfoodfacts.org/images/products/890/149/100/3537/front_en.8.full.jpg,open_food_facts,CC-BY-SA,,,,,
8901491003872,data\processed\packaging\8901491003872.png,packaging,,data\raw\packaging\8901491003872.jpg,Lay's Korean Chilli Flavour,Lay's,https://images.openfoodfacts.org/images/products/890/149/100/3872/front_en.6.full.jpg,open_food_facts,CC-BY-SA,,,,,
8901491003933,data\processed\packaging\8901491003933.png,packaging,,data\raw\packaging\8901491003933.jpg,Chips - Mediterranean Pizza Flavour,Lay's,https://images.openfoodfacts.org/images/products/890/149/100/3933/front_en.3.full.jpg,open_food_facts,CC-BY-SA,,,,,
8901491100267,data\processed\packaging\8901491100267.png,packaging,,data\raw\packaging\8901491100267.jpg,Potato Chips,Lay's,https://images.openfoodfacts.org/images/products/890/149/110/0267/front_en.3.full.jpg,open_food_facts,CC-BY-SA,,,,,
8901491100519,data\processed\packaging\8901491100519.png,packaging,,data\raw\packaging\8901491100519.jpg,Kurkure,Kurkure,https://images.openfoodfacts.org/images/products/890/149/110/0519/front_en.48.full.jpg,open_food_facts,CC-BY-SA,,,,,
8901491100533,data\processed\packaging\8901491100533.png,packaging,,data\raw\packaging\8901491100533.jpg,Chilli Chatka 20rs,Kurkure,https://images.openfoodfacts.org/images/products/890/149/110/0533/front_en.35.full.jpg,open_food_facts,CC-BY-SA,,,,,
8901491101820,data\processed\packaging\8901491101820.png,packaging,,data\raw\packaging\8901491101820.jpg,lays,Lay's,https://images.openfoodfacts.org/images/products/890/149/110/1820/front_en.37.full.jpg,open_food_facts,CC-BY-SA,,,,,
8901491101837,data\processed\packaging\8901491101837.png,packaging,,data\raw\packaging\8901491101837.jpg,Lays Classics Salted 20rs,Lay's,https://images.openfoodfacts.org/images/products/890/149/110/1837/front_en.14.full.jpg,open_food_facts,CC-BY-SA,,,,,
8901491101844,data\processed\packaging\8901491101844.png,packaging,,data\raw\packaging\8901491101844.jpg,Lay's Potato Chips,Lay's,https://images.openfoodfacts.org/images/products/890/149/110/1844/front_en.32.full.jpg,open_food_facts,CC-BY-SA,,,,,
8901491102902,data\processed\packaging\8901491102902.png,packaging,,data\raw\packaging\8901491102902.jpg,Flirty Tomato Tango,Lay's,https://images.openfoodfacts.org/images/products/890/149/110/2902/front_en.20.full.jpg,open_food_facts,CC-BY-SA,,,,,
8901491103084,data\processed\packaging\8901491103084.png,packaging,,data\raw\packaging\8901491103084.jpg,Green chutney style,Kurkure,https://images.openfoodfacts.org/images/products/890/149/110/3084/front_es.3.full.jpg,open_food_facts,CC-BY-SA,,,,,
8901491103282,data\processed\packaging\8901491103282.png,packaging,,data\raw\packaging\8901491103282.jpg,Cheetos,PepisCo India,https://images.openfoodfacts.org/images/products/890/149/110/3282/front_hi.3.full.jpg,open_food_facts,CC-BY-SA,,,,,
8901491103442,data\processed\packaging\8901491103442.png,packaging,,data\raw\packaging\8901491103442.jpg,Kurkure Naughty Tomato,PepsiCo,https://images.openfoodfacts.org/images/products/890/149/110/3442/front_en.12.full.jpg,open_food_facts,CC-BY-SA,,,,,
8901491361026,data\processed\packaging\8901491361026.png,packaging,,data\raw\packaging\8901491361026.jpg,Masala Munch,"Kurkure, PepsiCo",https://images.openfoodfacts.org/images/products/890/149/136/1026/front_en.51.full.jpg,open_food_facts,CC-BY-SA,,,,,
8901491363020,data\processed\packaging\8901491363020.png,packaging,,data\raw\packaging\8901491363020.jpg,Chilli Chatka,10,https://images.openfoodfacts.org/images/products/890/149/136/3020/front_en.6.full.jpg,open_food_facts,CC-BY-SA,,,,,
8901491365666,data\processed\packaging\8901491365666.png,packaging,,data\raw\packaging\8901491365666.jpg,Puffcorn,Kurkure,https://images.openfoodfacts.org/images/products/890/149/136/5666/front_en.4.full.jpg,open_food_facts,CC-BY-SA,,,,,
8901491365703,data\processed\packaging\8901491365703.png,packaging,,data\raw\packaging\8901491365703.jpg,Puffcorn,Kurkure,https://images.openfoodfacts.org/images/products/890/149/136/5703/front_en.30.full.jpg,open_food_facts,CC-BY-SA,,,,,
8901491366052,data\processed\packaging\8901491366052.png,packaging,,data\raw\packaging\8901491366052.jpg,Puffcorn,Kurkure,https://images.openfoodfacts.org/images/products/890/149/136/6052/front_en.13.full.jpg,open_food_facts,CC-BY-SA,,,,,
8901491400008,data\processed\packaging\8901491400008.png,packaging,,data\raw\packaging\8901491400008.jpg,Uncle Chipps,"Uncle Chipps, frito-lay",https://images.openfoodfacts.org/images/products/890/149/140/0008/front_en.6.full.jpg,open_food_facts,CC-BY-SA,,,,,
8901491400107,data\processed\packaging\8901491400107.png,packaging,,data\raw\packaging\8901491400107.jpg,,Pepsico,https://images.openfoodfacts.org/images/products/890/149/140/0107/front_en.6.full.jpg,open_food_facts,CC-BY-SA,,,,,
8901491405003,data\processed\packaging\8901491405003.png,packaging,,data\raw\packaging\8901491405003.jpg,Plain Salted Potato Chipps,Uncle Chipps,https://images.openfoodfacts.org/images/products/890/149/140/5003/front_en.32.full.jpg,open_food_facts,CC-BY-SA,,,,,
8901491410106,data\processed\packaging\8901491410106.png,packaging,,data\raw\packaging\8901491410106.jpg,Uncle Chiprs,10 rs,https://images.openfoodfacts.org/images/products/890/149/141/0106/front_en.20.full.jpg,open_food_facts,CC-BY-SA,,,,,
8901491435000,data\processed\packaging\8901491435000.png,packaging,,data\raw\packaging\8901491435000.jpg,Potato Chips (Plain Salted flavour) 20rs,Uncle Chipps,https://images.openfoodfacts.org/images/products/890/149/143/5000/front_en.12.full.jpg,open_food_facts,CC-BY-SA,,,,,
8901491435109,data\processed\packaging\8901491435109.png,packaging,,data\raw\packaging\8901491435109.jpg,Potato chips (Spicy Treat flavour)20rs,Uncle Chipps,https://images.openfoodfacts.org/images/products/890/149/143/5109/front_en.3.full.jpg,open_food_facts,CC-BY-SA,,,,,
8901491502016,data\processed\packaging\8901491502016.png,packaging,,data\raw\packaging\8901491502016.jpg,Classic Salted Potato Chips,Lay's,https://images.openfoodfacts.org/images/products/890/149/150/2016/front_en.5.full.jpg,open_food_facts,CC-BY-SA,,,,,
8901491502023,data\processed\packaging\8901491502023.png,packaging,,data\raw\packaging\8901491502023.jpg,Lay's - India's Magic Masala,"Inc., PepsiCo",https://images.openfoodfacts.org/images/products/890/149/150/2023/front_en.6.full.jpg,open_food_facts,CC-BY-SA,,,,,
8901491502030,data\processed\packaging\8901491502030.png,packaging,,data\raw\packaging\8901491502030.jpg,Lay's American Style Cream & Onion Flavour,Lay's,https://images.openfoodfacts.org/images/products/890/149/150/2030/front_en.19.full.jpg,open_food_facts,CC-BY-SA,,,,,
8901491502047,data\processed\packaging\8901491502047.png,packaging,,data\raw\packaging\8901491502047.jpg,Spanish tomato tango,Lay's,https://images.openfoodfacts.org/images/products/890/149/150/2047/front_en.19.full.jpg,open_food_facts,CC-BY-SA,,,,,
8901491502054,data\processed\packaging\8901491502054.png,packaging,,data\raw\packaging\8901491502054.jpg,Lay's West Indies' Hot 'n' Sweet Chilli,Lay's,https://images.openfoodfacts.org/images/products/890/149/150/2054/front_en.5.full.jpg,open_food_facts,CC-BY-SA,,,,,
8901491503013,data\processed\packaging\8901491503013.png,packaging,,data\raw\packaging\8901491503013.jpg,Yellow Salted Lays,Lay's,https://images.openfoodfacts.org/images/products/890/149/150/3013/front_en.5.full.jpg,open_food_facts,CC-BY-SA,,,,,
8901491503020,data\processed\packaging\8901491503020.png,packaging,,data\raw\packaging\8901491503020.jpg,India's Magic Masala,Lay's,https://images.openfoodfacts.org/images/products/890/149/150/3020/front_en.35.full.jpg,open_food_facts,CC-BY-SA,,,,,
8901491503044,data\processed\packaging\8901491503044.png,packaging,,data\raw\packaging\8901491503044.jpg,Lays,Lay's,https://images.openfoodfacts.org/images/products/890/149/150/3044/front_en.3.full.jpg,open_food_facts,CC-BY-SA,,,,,
8901491503051,data\processed\packaging\8901491503051.png,packaging,,data\raw\packaging\8901491503051.jpg,West Indies' Hot 'n' Sweet Chilli Potato Chips,Lay's,https://images.openfoodfacts.org/images/products/890/149/150/3051/front_en.3.full.jpg,open_food_facts,CC-BY-SA,,,,,
8901491981552,data\processed\packaging\8901491981552.png,packaging,,data\raw\packaging\8901491981552.jpg,Lay’s Chile Limon 20rs,Lay's,https://images.openfoodfacts.org/images/products/890/149/198/1552/front_en.26.full.jpg,open_food_facts,CC-BY-SA,,,,,
8901491981682,data\processed\packaging\8901491981682.png,packaging,,data\raw\packaging\8901491981682.jpg,Lays Cream and Onion Patato Chips,Lay's,https://images.openfoodfacts.org/images/products/890/149/198/1682/front_en.4.full.jpg,open_food_facts,CC-BY-SA,,,,,
8901491981699,data\processed\packaging\8901491981699.png,packaging,,data\raw\packaging\8901491981699.jpg,Lay's magic masala,Pepsico,https://images.openfoodfacts.org/images/products/890/149/198/1699/front_en.3.full.jpg,open_food_facts,CC-BY-SA,,,,,
8901491982351,data\processed\packaging\8901491982351.png,packaging,,data\raw\packaging\8901491982351.jpg,Lays ONION 20rs,Lay's,https://images.openfoodfacts.org/images/products/890/149/198/2351/front_en.7.full.jpg,open_food_facts,CC-BY-SA,,,,,
8901491982870,data\processed\packaging\8901491982870.png,packaging,,data\raw\packaging\8901491982870.jpg,SHAREZ CrisP HERB & ONION FLAVOUR,Lay's,https://images.openfoodfacts.org/images/products/890/149/198/2870/front_en.3.full.jpg,open_food_facts,CC-BY-SA,,,,,
8901491983143,data\processed\packaging\8901491983143.png,packaging,,data\raw\packaging\8901491983143.jpg,lays potato chips,Lay's,https://images.openfoodfacts.org/images/products/890/149/198/3143/front_en.4.full.jpg,open_food_facts,CC-BY-SA,,,,,
8901491983259,data\processed\packaging\8901491983259.png,packaging,,data\raw\packaging\8901491983259.jpg,Wafer Style Sundried Chilli Flavour,Lay's,https://images.openfoodfacts.org/images/products/890/149/198/3259/front_en.3.full.jpg,open_food_facts,CC-BY-SA,,,,,
8901491990080,data\processed\packaging\8901491990080.png,packaging,,data\raw\packaging\8901491990080.jpg,Doritos Nacho Cheese Flavours,"Doritos, PepsiCo",https://images.openfoodfacts.org/images/products/890/149/199/0080/front_en.9.full.jpg,open_food_facts,CC-BY-SA,,,,,
8901491990097,data\processed\packaging\8901491990097.png,packaging,,data\raw\packaging\8901491990097.jpg,Doritos Sweet Chilli,Doritos,https://images.openfoodfacts.org/images/products/890/149/199/0097/front_en.3.full.jpg,open_food_facts,CC-BY-SA,,,,,
8901491990219,data\processed\packaging\8901491990219.png,packaging,,data\raw\packaging\8901491990219.jpg,Doritos,Doritos,https://images.openfoodfacts.org/images/products/890/149/199/0219/front_fr.3.full.jpg,open_food_facts,CC-BY-SA,,,,,
8901512890702,data\processed\packaging\8901512890702.png,packaging,,data\raw\packaging\8901512890702.jpg,Tortilla Chips,Act II,https://images.openfoodfacts.org/images/products/890/151/289/0702/front_en.3.full.jpg,open_food_facts,CC-BY-SA,,,,,
8901565001728,data\processed\packaging\8901565001728.png,packaging,,data\raw\packaging\8901565001728.jpg,Piknik Classic Tomato Chilli (fried Indian snack),Piknik,https://images.openfoodfacts.org/images/products/890/156/500/1728/front_en.7.full.jpg,open_food_facts,CC-BY-SA,,,,,
8901576010122,data\processed\packaging\8901576010122.png,packaging,,data\raw\packaging\8901576010122.jpg,Potato Wafers Salted,Modern Kitchens,https://images.openfoodfacts.org/images/products/890/157/601/0122/front_en.9.full.jpg,open_food_facts,CC-BY-SA,,,,,
8901688120733,data\processed\packaging\8901688120733.png,packaging,,data\raw\packaging\8901688120733.jpg,Sumeru Fries,Sumeru,https://images.openfoodfacts.org/images/products/890/168/812/0733/front_en.3.full.jpg,open_food_facts,CC-BY-SA,,,,,
8901719122316,data\processed\packaging\8901719122316.png,packaging,,data\raw\packaging\8901719122316.jpg,parles's potato piri piri chips,parles's,https://images.openfoodfacts.org/images/products/890/171/912/2316/front_en.3.full.jpg,open_food_facts,CC-BY-SA,,,,,
8901719125683,data\processed\packaging\8901719125683.png,packaging,,data\raw\packaging\8901719125683.jpg,Full Toss Baked,Parle,https://images.openfoodfacts.org/images/products/890/171/912/5683/front_en.3.full.jpg,open_food_facts,CC-BY-SA,,,,,
8901725000257,data\processed\packaging\8901725000257.png,packaging,,data\raw\packaging\8901725000257.jpg,,,https://images.openfoodfacts.org/images/products/890/172/500/0257/front_en.3.full.jpg,open_food_facts,CC-BY-SA,,,,,
8901725000288,data\processed\packaging\8901725000288.png,packaging,,data\raw\packaging\8901725000288.jpg,,,https://images.openfoodfacts.org/images/products/890/172/500/0288/front_en.3.full.jpg,open_food_facts,CC-BY-SA,,,,,
8901725001308,data\processed\packaging\8901725001308.png,packaging,,data\raw\packaging\8901725001308.jpg,Bingo Potato Chips Cream & Onion,ITC,https://images.openfoodfacts.org/images/products/890/172/500/1308/front_en.3.full.jpg,open_food_facts,CC-BY-SA,,,,,
8901725007096,data\processed\packaging\8901725007096.png,packaging,,data\raw\packaging\8901725007096.jpg,Potato Chips Salted,"Bingo, ITC",https://images.openfoodfacts.org/images/products/890/172/500/7096/front_en.9.full.jpg,open_food_facts,CC-BY-SA,,,,,
8901725007119,data\processed\packaging\8901725007119.png,packaging,,data\raw\packaging\8901725007119.jpg,,,https://images.openfoodfacts.org/images/products/890/172/500/7119/front_en.3.full.jpg,open_food_facts,CC-BY-SA,,,,,
8901725007447,data\processed\packaging\8901725007447.png,packaging,,data\raw\packaging\8901725007447.jpg,Original Style Potato Chips,Bingo,https://images.openfoodfacts.org/images/products/890/172/500/7447/front_en.30.full.jpg,open_food_facts,CC-BY-SA,,,,,
8901725007508,data\processed\packaging\8901725007508.png,packaging,,data\raw\packaging\8901725007508.jpg,Bingo! Potato Chips Chilli Sprinkled,ITC,https://images.openfoodfacts.org/images/products/890/172/500/7508/front_en.3.full.jpg,open_food_facts,CC-BY-SA,,,,,
8901725007553,data\processed\packaging\8901725007553.png,packaging,,data\raw\packaging\8901725007553.jpg,,,https://images.openfoodfacts.org/images/products/890/172/500/7553/front_en.3.full.jpg,open_food_facts,CC-BY-SA,,,,,
8901725013660,data\processed\packaging\8901725013660.png,packaging,,data\raw\packaging\8901725013660.jpg,bingo mad angles,ITC Limited,https://images.openfoodfacts.org/images/products/890/172/501/3660/front_en.3.full.jpg,open_food_facts,CC-BY-SA,,,,,
8901725013684,data\processed\packaging\8901725013684.png,packaging,,data\raw\packaging\8901725013684.jpg,Madangle Achari Masti,ITC,https://images.openfoodfacts.org/images/products/890/172/501/3684/front_en.3.full.jpg,open_food_facts,CC-BY-SA,,,,,
8901725013738,data\processed\packaging\8901725013738.png,packaging,,data\raw\packaging\8901725013738.jpg,Chips,Bingo,https://images.openfoodfacts.org/images/products/890/172/501/3738/front_en.3.full.jpg,open_food_facts,CC-BY-SA,,,,,
8901725013769,data\processed\packaging\8901725013769.png,packaging,,data\raw\packaging\8901725013769.jpg,Mad Angles Tomato Madness,Bingo,https://images.openfoodfacts.org/images/products/890/172/501/3769/front_en.4.full.jpg,open_food_facts,CC-BY-SA,,,,,
8901725013790,data\processed\packaging\8901725013790.png,packaging,,data\raw\packaging\8901725013790.jpg,,,https://images.openfoodfacts.org/images/products/890/172/501/3790/front_en.3.full.jpg,open_food_facts,CC-BY-SA,,,,,
8901725015213,data\processed\packaging\8901725015213.png,packaging,,data\raw\packaging\8901725015213.jpg,,,https://images.openfoodfacts.org/images/products/890/172/501/5213/front_en.5.full.jpg,open_food_facts,CC-BY-SA,,,,,
8901725017903,data\processed\packaging\8901725017903.png,packaging,,data\raw\packaging\8901725017903.jpg,Mad angles achaari masti,Bingo,https://images.openfoodfacts.org/images/products/890/172/501/7903/front_en.3.full.jpg,open_food_facts,CC-BY-SA,,,,,
8901725018658,data\processed\packaging\8901725018658.png,packaging,,data\raw\packaging\8901725018658.jpg,bingoi original style,,https://images.openfoodfacts.org/images/products/890/172/501/8658/front_en.3.full.jpg,open_food_facts,CC-BY-SA,,,,,
8901725018665,data\processed\packaging\8901725018665.png,packaging,,data\raw\packaging\8901725018665.jpg,Bingo Hot & Spicy Korean Style,Bingo,https://images.openfoodfacts.org/images/products/890/172/501/8665/front_en.8.full.jpg,open_food_facts,CC-BY-SA,,,,,
8901725018689,data\processed\packaging\8901725018689.png,packaging,,data\raw\packaging\8901725018689.jpg,Bingo Hot and spicy,Bingo,https://images.openfoodfacts.org/images/products/890/172/501/8689/front_en.10.full.jpg,open_food_facts,CC-BY-SA,,,,,
8901725018771,data\processed\packaging\8901725018771.png,packaging,,data\raw\packaging\8901725018771.jpg,Bingo! Hot and spicy Korean style,Bingo!,https://images.openfoodfacts.org/images/products/890/172/501/8771/front_en.3.full.jpg,open_food_facts,CC-BY-SA,,,,,
8901725111458,data\processed\packaging\8901725111458.png,packaging,,data\raw\packaging\8901725111458.jpg,Bingo chilli sprinkled 50,,https://images.openfoodfacts.org/images/products/890/172/511/1458/front_en.3.full.jpg,open_food_facts,CC-BY-SA,,,,,
8901725118914,data\processed\packaging\8901725118914.png,packaging,,data\raw\packaging\8901725118914.jpg,Tedhe Medhe,Bingo,https://images.openfoodfacts.org/images/products/890/172/511/8914/front_en.3.full.jpg,open_food_facts,CC-BY-SA,,,,,
8901725118921,data\processed\packaging\8901725118921.png,packaging,,data\raw\packaging\8901725118921.jpg,tedha medha,bingo,https://images.openfoodfacts.org/images/products/890/172/511/8921/front_en.7.full.jpg,open_food_facts,CC-BY-SA,,,,,
8901725118938,data\processed\packaging\8901725118938.png,packaging,,data\raw\packaging\8901725118938.jpg,Tedhe Medhe - Bingo,,https://images.openfoodfacts.org/images/products/890/172/511/8938/front_en.29.full.jpg,open_food_facts,CC-BY-SA,,,,,
8901725192327,data\processed\packaging\8901725192327.png,packaging,,data\raw\packaging\8901725192327.jpg,Potato chips,,https://images.openfoodfacts.org/images/products/890/172/519/2327/front_en.10.full.jpg,open_food_facts,CC-BY-SA,,,,,
8901725192341,data\processed\packaging\8901725192341.png,packaging,,data\raw\packaging\8901725192341.jpg,bingo potato chips chilli,,https://images.openfoodfacts.org/images/products/890/172/519/2341/front_en.4.full.jpg,open_food_facts,CC-BY-SA,,,,,
8901725198336,data\processed\packaging\8901725198336.png,packaging,,data\raw\packaging\8901725198336.jpg,MAD ANGLES,ITC,https://images.openfoodfacts.org/images/products/890/172/519/8336/front_en.8.full.jpg,open_food_facts,CC-BY-SA,,,,,
8901764175091,data\processed\packaging\8901764175091.png,packaging,,data\raw\packaging\8901764175091.jpg,Fruit drink,Maaza,https://images.openfoodfacts.org/images/products/890/176/417/5091/front_en.3.full.jpg,open_food_facts,CC-BY-SA,,,,,
8904004400212,data\processed\packaging\8904004400212.png,packaging,,data\raw\packaging\8904004400212.jpg,Soya Chips,Haldiram's,https://images.openfoodfacts.org/images/products/890/400/440/0212/front_en.4.full.jpg,open_food_facts,CC-BY-SA,,,,,
8904004400236,data\processed\packaging\8904004400236.png,packaging,,data\raw\packaging\8904004400236.jpg,Soya sticks,Haldirams,https://images.openfoodfacts.org/images/products/890/400/440/0236/front_en.14.full.jpg,open_food_facts,CC-BY-SA,,,,,
8904004400250,data\processed\packaging\8904004400250.png,packaging,,data\raw\packaging\8904004400250.jpg,Haldiram's Soya Sticks,Haldiram's,https://images.openfoodfacts.org/images/products/890/400/440/0250/front_en.7.full.jpg,open_food_facts,CC-BY-SA,,,,,
8904004400298,data\processed\packaging\8904004400298.png,packaging,,data\raw\packaging\8904004400298.jpg,,,https://images.openfoodfacts.org/images/products/890/400/440/0298/front_en.5.full.jpg,open_food_facts,CC-BY-SA,,,,,
8904004400601,data\processed\packaging\8904004400601.png,packaging,,data\raw\packaging\8904004400601.jpg,Haldiram Lite Chiwda,Haldiram's,https://images.openfoodfacts.org/images/products/890/400/440/0601/front_en.14.full.jpg,open_food_facts,CC-BY-SA,,,,,
8904004400687,data\processed\packaging\8904004400687.png,packaging,,data\raw\packaging\8904004400687.jpg,Haldiram's Aloo Bhujia Sev,Haldiram's,https://images.openfoodfacts.org/images/products/890/400/440/0687/front_en.5.full.jpg,open_food_facts,CC-BY-SA,,,,,
8904004400694,data\processed\packaging\8904004400694.png,packaging,,data\raw\packaging\8904004400694.jpg,Aloo Bhujia,Haldiram's,https://images.openfoodfacts.org/images/products/890/400/440/0694/front_en.4.full.jpg,open_food_facts,CC-BY-SA,,,,,
8904004400731,data\processed\packaging\8904004400731.png,packaging,,data\raw\packaging\8904004400731.jpg,Aloo bhujia,Haldiram's,https://images.openfoodfacts.org/images/products/890/400/440/0731/front_en.4.full.jpg,open_food_facts,CC-BY-SA,,,,,
8904004402247,data\processed\packaging\8904004402247.png,packaging,,data\raw\packaging\8904004402247.jpg,Farali Chiwda,Haldiram's,https://images.openfoodfacts.org/images/products/890/400/440/2247/front_en.14.full.jpg,open_food_facts,CC-BY-SA,,,,,
8904004402407,data\processed\packaging\8904004402407.png,packaging,,data\raw\packaging\8904004402407.jpg,8.904E+12,,https://images.openfoodfacts.org/images/products/890/400/440/2407/front_en.4.full.jpg,open_food_facts,CC-BY-SA,,,,,
8904004402421,data\processed\packaging\8904004402421.png,packaging,,data\raw\packaging\8904004402421.jpg,Halke Fulke Salted Potato Chips,Haldiram's,https://images.openfoodfacts.org/images/products/890/400/440/2421/front_en.5.full.jpg,open_food_facts,CC-BY-SA,,,,,
8904004403671,data\processed\packaging\8904004403671.png,packaging,,data\raw\packaging\8904004403671.jpg,TASTY NUTS Shing Bhujia,Haldiram's,https://images.openfoodfacts.org/images/products/890/400/440/3671/front_en.5.full.jpg,open_food_facts,CC-BY-SA,,,,,
8904004403718,data\processed\packaging\8904004403718.png,packaging,,data\raw\packaging\8904004403718.jpg,Moong Dal,Haldiram's,https://images.openfoodfacts.org/images/products/890/400/440/3718/front_en.4.full.jpg,open_food_facts,CC-BY-SA,,,,,
8904004403725,data\processed\packaging\8904004403725.png,packaging,,data\raw\packaging\8904004403725.jpg,Moong Dal,Haldiram's,https://images.openfoodfacts.org/images/products/890/400/440/3725/front_en.20.full.jpg,open_food_facts,CC-BY-SA,,,,,
8904004407617,data\processed\packaging\8904004407617.png,packaging,,data\raw\packaging\8904004407617.jpg,Taka-tak,Haldiram's,https://images.openfoodfacts.org/images/products/890/400/440/7617/front_fr.3.full.jpg,open_food_facts,CC-BY-SA,,,,,
8904004408911,data\processed\packaging\8904004408911.png,packaging,,data\raw\packaging\8904004408911.jpg,Yellow Banana Chips,Haldiram's,https://images.openfoodfacts.org/images/products/890/400/440/8911/front_en.3.full.jpg,open_food_facts,CC-BY-SA,,,,,
8904004409253,data\processed\packaging\8904004409253.png,packaging,,data\raw\packaging\8904004409253.jpg,Potato Lite,Haldiram Snacks Pvt. Ltd.,https://images.openfoodfacts.org/images/products/890/400/440/9253/front_en.4.full.jpg,open_food_facts,CC-BY-SA,,,,,
8904039704781,data\processed\packaging\8904039704781.png,packaging,,data\raw\packaging\8904039704781.jpg,Rajma Chips Indian Masala,Conscious Food,https://images.openfoodfacts.org/images/products/890/403/970/4781/front_en.3.full.jpg,open_food_facts,CC-BY-SA,,,,,
8904063200525,data\processed\packaging\8904063200525.png,packaging,,data\raw\packaging\8904063200525.jpg,Salted Banana Chips,Haldiram's,https://images.openfoodfacts.org/images/products/890/406/320/0525/front_en.3.full.jpg,open_food_facts,CC-BY-SA,,,,,
8904063201157,data\processed\packaging\8904063201157.png,packaging,,data\raw\packaging\8904063201157.jpg,Chips - Pudina Treat,Haldiram's,https://images.openfoodfacts.org/images/products/890/406/320/1157/front_en.3.full.jpg,open_food_facts,CC-BY-SA,,,,,
8904063204325,data\processed\packaging\8904063204325.png,packaging,,data\raw\packaging\8904063204325.jpg,Haldiram's Bhujia,Haldiram,https://images.openfoodfacts.org/images/products/890/406/320/4325/front_en.4.full.jpg,open_food_facts,CC-BY-SA,,,,,
8904063206336,data\processed\packaging\8904063206336.png,packaging,,data\raw\packaging\8904063206336.jpg,Banana Chips,Haldiram's,https://images.openfoodfacts.org/images/products/890/406/320/6336/front_en.12.full.jpg,open_food_facts,CC-BY-SA,,,,,
8904063209849,data\processed\packaging\8904063209849.png,packaging,,data\raw\packaging\8904063209849.jpg,Takatak Baked Chilli Cheese,Haldiram's,https://images.openfoodfacts.org/images/products/890/406/320/9849/front_fr.3.full.jpg,open_food_facts,CC-BY-SA,,,,,
8904063220028,data\processed\packaging\8904063220028.png,packaging,,data\raw\packaging\8904063220028.jpg,Chips Mast Masala,Haldiram's,https://images.openfoodfacts.org/images/products/890/406/322/0028/front_en.4.full.jpg,open_food_facts,CC-BY-SA,,,,,
8904063220134,data\processed\packaging\8904063220134.png,packaging,,data\raw\packaging\8904063220134.jpg,pudina chips,haldiram,https://images.openfoodfacts.org/images/products/890/406/322/0134/front_en.3.full.jpg,open_food_facts,CC-BY-SA,,,,,
8904063220226,data\processed\packaging\8904063220226.png,packaging,,data\raw\packaging\8904063220226.jpg,chips,Haldiram's,https://images.openfoodfacts.org/images/products/890/406/322/0226/front_en.5.full.jpg,open_food_facts,CC-BY-SA,,,,,
8904063220233,data\processed\packaging\8904063220233.png,packaging,,data\raw\packaging\8904063220233.jpg,Chips,Haldiram’s,https://images.openfoodfacts.org/images/products/890/406/322/0233/front_en.3.full.jpg,open_food_facts,CC-BY-SA,,,,,
8904063220424,data\processed\packaging\8904063220424.png,packaging,,data\raw\packaging\8904063220424.jpg,Takatak Chatpata Masala,Haldiram's,https://images.openfoodfacts.org/images/products/890/406/322/0424/front_en.3.full.jpg,open_food_facts,CC-BY-SA,,,,,
8904063220431,data\processed\packaging\8904063220431.png,packaging,,data\raw\packaging\8904063220431.jpg,Taka tak,Haldiram's,https://images.openfoodfacts.org/images/products/890/406/322/0431/front_en.3.full.jpg,open_food_facts,CC-BY-SA,,,,,
8904063226419,data\processed\packaging\8904063226419.png,packaging,,data\raw\packaging\8904063226419.jpg,,Haldiram's,https://images.openfoodfacts.org/images/products/890/406/322/6419/front_en.3.full.jpg,open_food_facts,CC-BY-SA,,,,,
8904063255518,data\processed\packaging\8904063255518.png,packaging,,data\raw\packaging\8904063255518.jpg,Whoopies,Haldiram's,https://images.openfoodfacts.org/images/products/890/406/325/5518/front_en.4.full.jpg,open_food_facts,CC-BY-SA,,,,,
8904063258762,data\processed\packaging\8904063258762.png,packaging,,data\raw\packaging\8904063258762.jpg,Takatak Chatpata Masala,Haldiram's,https://images.openfoodfacts.org/images/products/890/406/325/8762/front_en.4.full.jpg,open_food_facts,CC-BY-SA,,,,,
8904071700024,data\processed\packaging\8904071700024.png,packaging,,data\raw\packaging\8904071700024.jpg,Salt-n-Pepper Banana Chips,Chheda's,https://images.openfoodfacts.org/images/products/890/407/170/0024/front_en.17.full.jpg,open_food_facts,CC-BY-SA,,,,,
8904071700031,data\processed\packaging\8904071700031.png,packaging,,data\raw\packaging\8904071700031.jpg,Masala Banana Chips,Chheda's,https://images.openfoodfacts.org/images/products/890/407/170/0031/front_en.24.full.jpg,open_food_facts,CC-BY-SA,,,,,
8904071700192,data\processed\packaging\8904071700192.png,packaging,,data\raw\packaging\8904071700192.jpg,Golden potato chips,,https://images.openfoodfacts.org/images/products/890/407/170/0192/front_en.3.full.jpg,open_food_facts,CC-BY-SA,,,,,
8904071700376,data\processed\packaging\8904071700376.png,packaging,,data\raw\packaging\8904071700376.jpg,Farali potato Chivda,,https://images.openfoodfacts.org/images/products/890/407/170/0376/front_fr.3.full.jpg,open_food_facts,CC-BY-SA,,,,,
8904071702189,data\processed\packaging\8904071702189.png,packaging,,data\raw\packaging\8904071702189.jpg,potato chips,Chedda's,https://images.openfoodfacts.org/images/products/890/407/170/2189/front_en.3.full.jpg,open_food_facts,CC-BY-SA,,,,,
8904071702196,data\processed\packaging\8904071702196.png,packaging,,data\raw\packaging\8904071702196.jpg,Banana chips,Chheda’s,https://images.openfoodfacts.org/images/products/890/407/170/2196/front_en.18.full.jpg,open_food_facts,CC-BY-SA,,,,,
8904071704527,data\processed\packaging\8904071704527.png,packaging,,data\raw\packaging\8904071704527.jpg,Plantain Chips (Yellow Banana Chips),,https://images.openfoodfacts.org/images/products/890/407/170/4527/front_id.4.full.jpg,open_food_facts,CC-BY-SA,,,,,
8904071704589,data\processed\packaging\8904071704589.png,packaging,,data\raw\packaging\8904071704589.jpg,,,https://images.openfoodfacts.org/images/products/890/407/170/4589/front_en.3.full.jpg,open_food_facts,CC-BY-SA,,,,,
8904071707009,data\processed\packaging\8904071707009.png,packaging,,data\raw\packaging\8904071707009.jpg,,,https://images.openfoodfacts.org/images/products/890/407/170/7009/front_en.3.full.jpg,open_food_facts,CC-BY-SA,,,,,
8904072000048,data\processed\packaging\8904072000048.png,packaging,,data\raw\packaging\8904072000048.jpg,Mota's Potato Chips,Mota's,https://images.openfoodfacts.org/images/products/890/407/200/0048/front_en.4.full.jpg,open_food_facts,CC-BY-SA,,,,,
8904123551178,data\processed\packaging\8904123551178.png,packaging,,data\raw\packaging\8904123551178.jpg,A-1 Chips Banana Wafers,A-1 Chips,https://images.openfoodfacts.org/images/products/890/412/355/1178/front_en.6.full.jpg,open_food_facts,CC-BY-SA,,,,,
8904132948273,data\processed\packaging\8904132948273.png,packaging,,data\raw\packaging\8904132948273.jpg,POTATO CHIPS,Alan's,https://images.openfoodfacts.org/images/products/890/413/294/8273/front_en.10.full.jpg,open_food_facts,CC-BY-SA,,,,,
8904132956032,data\processed\packaging\8904132956032.png,packaging,,data\raw\packaging\8904132956032.jpg,Alans potata chips,1,https://images.openfoodfacts.org/images/products/890/413/295/6032/front_en.3.full.jpg,open_food_facts,CC-BY-SA,,,,,
8904152813186,data\processed\packaging\8904152813186.png,packaging,,data\raw\packaging\8904152813186.jpg,TipTop Snacks,TipTop,https://images.openfoodfacts.org/images/products/890/415/281/3186/front_en.3.full.jpg,open_food_facts,CC-BY-SA,,,,,
8904246910371,data\processed\packaging\8904246910371.png,packaging,,data\raw\packaging\8904246910371.jpg,Lays Spanish Tomato,fssai,https://images.openfoodfacts.org/images/products/890/424/691/0371/front_en.4.full.jpg,open_food_facts,CC-BY-SA,,,,,
8904256711593,data\processed\packaging\8904256711593.png,packaging,,data\raw\packaging\8904256711593.jpg,Multigrain Chips Sour Cream N Onion,bb GoodDiet,https://images.openfoodfacts.org/images/products/890/425/671/1593/front_en.16.full.jpg,open_food_facts,CC-BY-SA,,,,,
8905507002590,data\processed\packaging\8905507002590.png,packaging,,data\raw\packaging\8905507002590.jpg,First crop    Cream onion potato chips 50g,First Crop,https://images.openfoodfacts.org/images/products/890/550/700/2590/front_en.7.full.jpg,open_food_facts,CC-BY-SA,,,,,
8905507002613,data\processed\packaging\8905507002613.png,packaging,,data\raw\packaging\8905507002613.jpg,Tomato potato chips 50g,,https://images.openfoodfacts.org/images/products/890/550/700/2613/front_en.3.full.jpg,open_food_facts,CC-BY-SA,,,,,
8906004560262,data\processed\packaging\8906004560262.png,packaging,,data\raw\packaging\8906004560262.jpg,,,https://images.openfoodfacts.org/images/products/890/600/456/0262/front_en.8.full.jpg,open_food_facts,CC-BY-SA,,,,,
8906004560682,data\processed\packaging\8906004560682.png,packaging,,data\raw\packaging\8906004560682.jpg,Plain salted potato chips,Yellow diamond,https://images.openfoodfacts.org/images/products/890/600/456/0682/front_en.7.full.jpg,open_food_facts,CC-BY-SA,,,,,
8906004561900,data\processed\packaging\8906004561900.png,packaging,,data\raw\packaging\8906004561900.jpg,Wheels Chatpata Masala Flavour,Yellow Diamond,https://images.openfoodfacts.org/images/products/890/600/456/1900/front_en.3.full.jpg,open_food_facts,CC-BY-SA,,,,,
8906004563133,data\processed\packaging\8906004563133.png,packaging,,data\raw\packaging\8906004563133.jpg,Diamond 7 Wonders Lentil Crackers,7 Wonders,https://images.openfoodfacts.org/images/products/890/600/456/3133/front_hi.3.full.jpg,open_food_facts,CC-BY-SA,,,,,
8906004563454,data\processed\packaging\8906004563454.png,packaging,,data\raw\packaging\8906004563454.jpg,YD potato chips,,https://images.openfoodfacts.org/images/products/890/600/456/3454/front_en.3.full.jpg,open_food_facts,CC-BY-SA,,,,,
8906004563539,data\processed\packaging\8906004563539.png,packaging,,data\raw\packaging\8906004563539.jpg,Pipes - Salted Crunch,Yellow Diamond,https://images.openfoodfacts.org/images/products/890/600/456/3539/front_en.3.full.jpg,open_food_facts,CC-BY-SA,,,,,
8906005505040,data\processed\packaging\8906005505040.png,packaging,,data\raw\packaging\8906005505040.jpg,Soya sticks,Bikaji,https://images.openfoodfacts.org/images/products/890/600/550/5040/front_fr.3.full.jpg,open_food_facts,CC-BY-SA,,,,,
8906005505224,data\processed\packaging\8906005505224.png,packaging,,data\raw\packaging\8906005505224.jpg,Chips Cream & onion,Bikaji,https://images.openfoodfacts.org/images/products/890/600/550/5224/front_en.3.full.jpg,open_food_facts,CC-BY-SA,,,,,
8906005506962,data\processed\packaging\8906005506962.png,packaging,,data\raw\packaging\8906005506962.jpg,Potato Chips,Bikaji,https://images.openfoodfacts.org/images/products/890/600/550/6962/front_en.7.full.jpg,open_food_facts,CC-BY-SA,,,,,
8906005506979,data\processed\packaging\8906005506979.png,packaging,,data\raw\packaging\8906005506979.jpg,potato chips,bikaji,https://images.openfoodfacts.org/images/products/890/600/550/6979/front_en.7.full.jpg,open_food_facts,CC-BY-SA,,,,,
8906009532837,data\processed\packaging\8906009532837.png,packaging,,data\raw\packaging\8906009532837.jpg,Max protein (7 grain protein snack),RiteBite,https://images.openfoodfacts.org/images/products/890/600/953/2837/front_en.3.full.jpg,open_food_facts,CC-BY-SA,,,,,
8906010450021,data\processed\packaging\8906010450021.png,packaging,,data\raw\packaging\8906010450021.jpg,Budhani Bros Potato Wafers,Budhani Bros,https://images.openfoodfacts.org/images/products/890/601/045/0021/front_en.4.full.jpg,open_food_facts,CC-BY-SA,,,,,
8906010450038,data\processed\packaging\8906010450038.png,packaging,,data\raw\packaging\8906010450038.jpg,,,https://images.openfoodfacts.org/images/products/890/601/045/0038/front_en.4.full.jpg,open_food_facts,CC-BY-SA,,,,,
8906010450236,data\processed\packaging\8906010450236.png,packaging,,data\raw\packaging\8906010450236.jpg,Budhani Bros Potato Wafers,Budhani Bros,https://images.openfoodfacts.org/images/products/890/601/045/0236/front_en.3.full.jpg,open_food_facts,CC-BY-SA,,,,,
8906010500016,data\processed\packaging\8906010500016.png,packaging,,data\raw\packaging\8906010500016.jpg,Simply Salted,Balaji Wafers,https://images.openfoodfacts.org/images/products/890/601/050/0016/front_en.24.full.jpg,open_food_facts,CC-BY-SA,,,,,
8906010500023,data\processed\packaging\8906010500023.png,packaging,,data\raw\packaging\8906010500023.jpg,POTATO WAFERS,Balaji,https://images.openfoodfacts.org/images/products/890/601/050/0023/front_en.8.full.jpg,open_food_facts,CC-BY-SA,,,,,
8906010500030,data\processed\packaging\8906010500030.png,packaging,,data\raw\packaging\8906010500030.jpg,Malasa Masti,Balaji wafers,https://images.openfoodfacts.org/images/products/890/601/050/0030/front_en.26.full.jpg,open_food_facts,CC-BY-SA,,,,,
8906010500047,data\processed\packaging\8906010500047.png,packaging,,data\raw\packaging\8906010500047.jpg,masala masti,Balaji,https://images.openfoodfacts.org/images/products/890/601/050/0047/front_en.3.full.jpg,open_food_facts,CC-BY-SA,,,,,
8906010500078,data\processed\packaging\8906010500078.png,packaging,,data\raw\packaging\8906010500078.jpg,Balaji Farali Chivda,Balaji Namkeen,https://images.openfoodfacts.org/images/products/890/601/050/0078/front_en.5.full.jpg,open_food_facts,CC-BY-SA,,,,,
8906010500092,data\processed\packaging\8906010500092.png,packaging,,data\raw\packaging\8906010500092.jpg,Balaji Wafers Crunchex,Balaji Wafers,https://images.openfoodfacts.org/images/products/890/601/050/0092/front_en.3.full.jpg,open_food_facts,CC-BY-SA,,,,,
8906010500214,data\processed\packaging\8906010500214.png,packaging,,data\raw\packaging\8906010500214.jpg,Balaji Wafers Sev Murmura,Balaji Wafers,https://images.openfoodfacts.org/images/products/890/601/050/0214/front_en.8.full.jpg,open_food_facts,CC-BY-SA,,,,,
8906010500245,data\processed\packaging\8906010500245.png,packaging,,data\raw\packaging\8906010500245.jpg,Balaji Wafers Masala Sev Murmura,Balaji Wafers,https://images.openfoodfacts.org/images/products/890/601/050/0245/front_en.20.full.jpg,open_food_facts,CC-BY-SA,,,,,
8906010500276,data\processed\packaging\8906010500276.png,packaging,,data\raw\packaging\8906010500276.jpg,Balaji Wafers Shing Bhujia,Balaji Wafers,https://images.openfoodfacts.org/images/products/890/601/050/0276/front_en.3.full.jpg,open_food_facts,CC-BY-SA,,,,,
8906010500481,data\processed\packaging\8906010500481.png,packaging,,data\raw\packaging\8906010500481.jpg,Crunchm,Balaji,https://images.openfoodfacts.org/images/products/890/601/050/0481/front_en.3.full.jpg,open_food_facts,CC-BY-SA,,,,,
8906010500498,data\processed\packaging\8906010500498.png,packaging,,data\raw\packaging\8906010500498.jpg,balaji wafers tomato twist,,https://images.openfoodfacts.org/images/products/890/601/050/0498/front_en.14.full.jpg,open_food_facts,CC-BY-SA,,,,,
8906010500511,data\processed\packaging\8906010500511.png,packaging,,data\raw\packaging\8906010500511.jpg,Chataka Pataka,Balaji,https://images.openfoodfacts.org/images/products/890/601/050/0511/front_en.9.full.jpg,open_food_facts,CC-BY-SA,,,,,
8906010500535,data\processed\packaging\8906010500535.png,packaging,,data\raw\packaging\8906010500535.jpg,Balaji Wafers Chaat Chaska,Balaji,https://images.openfoodfacts.org/images/products/890/601/050/0535/front_en.21.full.jpg,open_food_facts,CC-BY-SA,,,,,
8906010500610,data\processed\packaging\8906010500610.png,packaging,,data\raw\packaging\8906010500610.jpg,Chata Pataka Tomato,Balaji,https://images.openfoodfacts.org/images/products/890/601/050/0610/front_en.18.full.jpg,open_food_facts,CC-BY-SA,,,,,
8906010500627,data\processed\packaging\8906010500627.png,packaging,,data\raw\packaging\8906010500627.jpg,,,https://images.openfoodfacts.org/images/products/890/601/050/0627/front_en.4.full.jpg,open_food_facts,CC-BY-SA,,,,,
8906010500818,data\processed\packaging\8906010500818.png,packaging,,data\raw\packaging\8906010500818.jpg,Potato chips,Balaji,https://images.openfoodfacts.org/images/products/890/601/050/0818/front_en.3.full.jpg,open_food_facts,CC-BY-SA,,,,,
8906010500863,data\processed\packaging\8906010500863.png,packaging,,data\raw\packaging\8906010500863.jpg,Shing Bhujiya - Nimbu Chatka,Balaji Wafers,https://images.openfoodfacts.org/images/products/890/601/050/0863/front_en.3.full.jpg,open_food_facts,CC-BY-SA,,,,,
8906010500870,data\processed\packaging\8906010500870.png,packaging,,data\raw\packaging\8906010500870.jpg,BALAJI CREAM ONION,balaji,https://images.openfoodfacts.org/images/products/890/601/050/0870/front_en.7.full.jpg,open_food_facts,CC-BY-SA,,,,,
8906010500900,data\processed\packaging\8906010500900.png,packaging,,data\raw\packaging\8906010500900.jpg,wheels,Balaji,https://images.openfoodfacts.org/images/products/890/601/050/0900/front_en.20.full.jpg,open_food_facts,CC-BY-SA,,,,,
8906010501198,data\processed\packaging\8906010501198.png,packaging,,data\raw\packaging\8906010501198.jpg,Crunchem Pizzy Masala,Balaji,https://images.openfoodfacts.org/images/products/890/601/050/1198/front_en.3.full.jpg,open_food_facts,CC-BY-SA,,,,,
8906010501228,data\processed\packaging\8906010501228.png,packaging,,data\raw\packaging\8906010501228.jpg,Scoopitos Masala Flavour,Balaji Wafers,https://images.openfoodfacts.org/images/products/890/601/050/1228/front_en.5.full.jpg,open_food_facts,CC-BY-SA,,,,,
8906010501570,data\processed\packaging\8906010501570.png,packaging,,data\raw\packaging\8906010501570.jpg,Balaji Wafers Crunchex,Balaji,https://images.openfoodfacts.org/images/products/890/601/050/1570/front_en.13.full.jpg,open_food_facts,CC-BY-SA,,,,,
8906010501952,data\processed\packaging\8906010501952.png,packaging,,data\raw\packaging\8906010501952.jpg,Balaji Wafers Rumbles Potato Chips Pudina Twist flavour,"Balaji, Balaji Wafers, Rumbles",https://images.openfoodfacts.org/images/products/890/601/050/1952/front_en.4.full.jpg,open_food_facts,CC-BY-SA,,,,,
8906010502041,data\processed\packaging\8906010502041.png,packaging,,data\raw\packaging\8906010502041.jpg,,Balaji Wafers,https://images.openfoodfacts.org/images/products/890/601/050/2041/front_en.11.full.jpg,open_food_facts,CC-BY-SA,,,,,
8906010502119,data\processed\packaging\8906010502119.png,packaging,,data\raw\packaging\8906010502119.jpg,Chataka pataka,Balaji,https://images.openfoodfacts.org/images/products/890/601/050/2119/front_en.7.full.jpg,open_food_facts,CC-BY-SA,,,,,
8906010502232,data\processed\packaging\8906010502232.png,packaging,,data\raw\packaging\8906010502232.jpg,Balaji wafers panjabi tadka,Balaji,https://images.openfoodfacts.org/images/products/890/601/050/2232/front_en.6.full.jpg,open_food_facts,CC-BY-SA,,,,,
8906010502294,data\processed\packaging\8906010502294.png,packaging,,data\raw\packaging\8906010502294.jpg,Flaming hot nachos,,https://images.openfoodfacts.org/images/products/890/601/050/2294/front_en.8.full.jpg,open_food_facts,CC-BY-SA,,,,,
8906010502591,data\processed\packaging\8906010502591.png,packaging,,data\raw\packaging\8906010502591.jpg,Crunchem,Balaji Wafers,https://images.openfoodfacts.org/images/products/890/601/050/2591/front_en.3.full.jpg,open_food_facts,CC-BY-SA,,,,,
8906010502782,data\processed\packaging\8906010502782.png,packaging,,data\raw\packaging\8906010502782.jpg,Stack Up - Simply Salted,Balaji Wafer,https://images.openfoodfacts.org/images/products/890/601/050/2782/front_en.3.full.jpg,open_food_facts,CC-BY-SA,,,,,
8906010503482,data\processed\packaging\8906010503482.png,packaging,,data\raw\packaging\8906010503482.jpg,Tomato Twist,,https://images.openfoodfacts.org/images/products/890/601/050/3482/front_en.3.full.jpg,open_food_facts,CC-BY-SA,,,,,
8906010503505,data\processed\packaging\8906010503505.png,packaging,,data\raw\packaging\8906010503505.jpg,,,https://images.openfoodfacts.org/images/products/890/601/050/3505/front_en.4.full.jpg,open_food_facts,CC-BY-SA,,,,,
8906010503512,data\processed\packaging\8906010503512.png,packaging,,data\raw\packaging\8906010503512.jpg,Balaji wafers,Balaji,https://images.openfoodfacts.org/images/products/890/601/050/3512/front_en.3.full.jpg,open_food_facts,CC-BY-SA,,,,,
8906010503529,data\processed\packaging\8906010503529.png,packaging,,data\raw\packaging\8906010503529.jpg,CHRUNCHEM Masala Masti,Balaji,https://images.openfoodfacts.org/images/products/890/601/050/3529/front_en.6.full.jpg,open_food_facts,CC-BY-SA,,,,,
8906010503543,data\processed\packaging\8906010503543.png,packaging,,data\raw\packaging\8906010503543.jpg,Balaji Crunchem Chaat Chaska,Balaji,https://images.openfoodfacts.org/images/products/890/601/050/3543/front_en.9.full.jpg,open_food_facts,CC-BY-SA,,,,,
8906010503550,data\processed\packaging\8906010503550.png,packaging,,data\raw\packaging\8906010503550.jpg,Wafers,,https://images.openfoodfacts.org/images/products/890/601/050/3550/front_fr.3.full.jpg,open_food_facts,CC-BY-SA,,,,,
8906010503611,data\processed\packaging\8906010503611.png,packaging,,data\raw\packaging\8906010503611.jpg,CHRUNCHEX,Balaji,https://images.openfoodfacts.org/images/products/890/601/050/3611/front_en.5.full.jpg,open_food_facts,CC-BY-SA,,,,,
8906010504625,data\processed\packaging\8906010504625.png,packaging,,data\raw\packaging\8906010504625.jpg,Gippi Tornado,Gippi,https://images.openfoodfacts.org/images/products/890/601/050/4625/front_en.8.full.jpg,open_food_facts,CC-BY-SA,,,,,
8906016462783,data\processed\packaging\8906016462783.png,packaging,,data\raw\packaging\8906016462783.jpg,Potato Chips,Balaji Foods,https://images.openfoodfacts.org/images/products/890/601/646/2783/front_en.3.full.jpg,open_food_facts,CC-BY-SA,,,,,
8906019562510,data\processed\packaging\8906019562510.png,packaging,,data\raw\packaging\8906019562510.jpg,Real Bites,Real,https://images.openfoodfacts.org/images/products/890/601/956/2510/front_en.3.full.jpg,open_food_facts,CC-BY-SA,,,,,
8906030680408,data\processed\packaging\8906030680408.png,packaging,,data\raw\packaging\8906030680408.jpg,Gold finger,Gurujee,https://images.openfoodfacts.org/images/products/890/603/068/0408/front_en.3.full.jpg,open_food_facts,CC-BY-SA,,,,,
8906032018513,data\processed\packaging\8906032018513.png,packaging,,data\raw\packaging\8906032018513.jpg,Doodh Biscuits,Patanjali,https://images.openfoodfacts.org/images/products/890/603/201/8513/front_en.3.full.jpg,open_food_facts,CC-BY-SA,,,,,
8906066700385,data\processed\packaging\8906066700385.png,packaging,,data\raw\packaging\8906066700385.jpg,Black Truffle With Salt,Kettle Studio,https://images.openfoodfacts.org/images/products/890/606/670/0385/front_en.7.full.jpg,open_food_facts,CC-BY-SA,,,,,
8906066701030,data\processed\packaging\8906066701030.png,packaging,,data\raw\packaging\8906066701030.jpg,Sharp Jalapeno and Cream Cheese,Kettle Studio,https://images.openfoodfacts.org/images/products/890/606/670/1030/front_en.3.full.jpg,open_food_facts,CC-BY-SA,,,,,
8906078720432,data\processed\packaging\8906078720432.png,packaging,,data\raw\packaging\8906078720432.jpg,,,https://images.openfoodfacts.org/images/products/890/607/872/0432/front_en.3.full.jpg,open_food_facts,CC-BY-SA,,,,,
8906078721026,data\processed\packaging\8906078721026.png,packaging,,data\raw\packaging\8906078721026.jpg,Chips Creamy Onion,"Gopal Namkeen, Gopal Snacks, Gopal Wafers",https://images.openfoodfacts.org/images/products/890/607/872/1026/front_en.3.full.jpg,open_food_facts,CC-BY-SA,,,,,
8906078721040,data\processed\packaging\8906078721040.png,packaging,,data\raw\packaging\8906078721040.jpg,Lemon chilli,Gopal wafers,https://images.openfoodfacts.org/images/products/890/607/872/1040/front_en.3.full.jpg,open_food_facts,CC-BY-SA,,,,,
8906078722160,data\processed\packaging\8906078722160.png,packaging,,data\raw\packaging\8906078722160.jpg,Gopal Chips Tomato Munchies,Gopal,https://images.openfoodfacts.org/images/products/890/607/872/2160/front_en.3.full.jpg,open_food_facts,CC-BY-SA,,,,,
8906078722702,data\processed\packaging\8906078722702.png,packaging,,data\raw\packaging\8906078722702.jpg,Farali chivda,Gopal,https://images.openfoodfacts.org/images/products/890/607/872/2702/front_en.3.full.jpg,open_food_facts,CC-BY-SA,,,,,
8906082572072,data\processed\packaging\8906082572072.png,packaging,,data\raw\packaging\8906082572072.jpg,Cornitos cheese herbs 73g 50,Cornitos,https://images.openfoodfacts.org/images/products/890/608/257/2072/front_en.16.full.jpg,open_food_facts,CC-BY-SA,,,,,
8906082650206,data\processed\packaging\8906082650206.png,packaging,,data\raw\packaging\8906082650206.jpg,ATHAWALE CHEESE PEPPER BITES,ATHAWALE,https://images.openfoodfacts.org/images/products/890/608/265/0206/front_en.3.full.jpg,open_food_facts,CC-BY-SA,,,,,
8906082880177,data\processed\packaging\8906082880177.png,packaging,,data\raw\packaging\8906082880177.jpg,Achal Banana Chips,Achal,https://images.openfoodfacts.org/images/products/890/608/288/0177/front_en.3.full.jpg,open_food_facts,CC-BY-SA,,,,,
8906090572088,data\processed\packaging\8906090572088.png,packaging,,data\raw\packaging\8906090572088.jpg,,,https://images.openfoodfacts.org/images/products/890/609/057/2088/front_en.3.full.jpg,open_food_facts,CC-BY-SA,,,,,
8906090572118,data\processed\packaging\8906090572118.png,packaging,,data\raw\packaging\8906090572118.jpg,Karare,Too yumm,https://images.openfoodfacts.org/images/products/890/609/057/2118/front_fr.3.full.jpg,open_food_facts,CC-BY-SA,,,,,
8906090572149,data\processed\packaging\8906090572149.png,packaging,,data\raw\packaging\8906090572149.jpg,Karare Noodle Masala,Too Yum,https://images.openfoodfacts.org/images/products/890/609/057/2149/front_en.3.full.jpg,open_food_facts,CC-BY-SA,,,,,
8906090572200,data\processed\packaging\8906090572200.png,packaging,,data\raw\packaging\8906090572200.jpg,Too Yummy!,RP - Sanjiv Goenka Group,https://images.openfoodfacts.org/images/products/890/609/057/2200/front_en.7.full.jpg,open_food_facts,CC-BY-SA,,,,,
8906090572217,data\processed\packaging\8906090572217.png,packaging,,data\raw\packaging\8906090572217.jpg,Too yumm,Too Yumm,https://images.openfoodfacts.org/images/products/890/609/057/2217/front_en.3.full.jpg,open_food_facts,CC-BY-SA,,,,,
8906090572903,data\processed\packaging\8906090572903.png,packaging,,data\raw\packaging\8906090572903.jpg,Too Yumm! chips classic salted,,https://images.openfoodfacts.org/images/products/890/609/057/2903/front_en.7.full.jpg,open_food_facts,CC-BY-SA,,,,,
8906090572934,data\processed\packaging\8906090572934.png,packaging,,data\raw\packaging\8906090572934.jpg,,,https://images.openfoodfacts.org/images/products/890/609/057/2934/front_en.4.full.jpg,open_food_facts,CC-BY-SA,,,,,
8906090572972,data\processed\packaging\8906090572972.png,packaging,,data\raw\packaging\8906090572972.jpg,To yumm,,https://images.openfoodfacts.org/images/products/890/609/057/2972/front_en.3.full.jpg,open_food_facts,CC-BY-SA,,,,,
8906090573047,data\processed\packaging\8906090573047.png,packaging,,data\raw\packaging\8906090573047.jpg,Too yummy Chips green,,https://images.openfoodfacts.org/images/products/890/609/057/3047/front_en.7.full.jpg,open_food_facts,CC-BY-SA,,,,,
8906090573122,data\processed\packaging\8906090573122.png,packaging,,data\raw\packaging\8906090573122.jpg,Too yumm Chips blue,,https://images.openfoodfacts.org/images/products/890/609/057/3122/front_en.3.full.jpg,open_food_facts,CC-BY-SA,,,,,
8906090574389,data\processed\packaging\8906090574389.png,packaging,,data\raw\packaging\8906090574389.jpg,,,https://images.openfoodfacts.org/images/products/890/609/057/4389/front_en.3.full.jpg,open_food_facts,CC-BY-SA,,,,,
8906090574396,data\processed\packaging\8906090574396.png,packaging,,data\raw\packaging\8906090574396.jpg,Bhoot Chips,Spencer,https://images.openfoodfacts.org/images/products/890/609/057/4396/front_en.3.full.jpg,open_food_facts,CC-BY-SA,,,,,
8906111540492,data\processed\packaging\8906111540492.png,packaging,,data\raw\packaging\8906111540492.jpg,Chips Mix Masala,Fun Flips,https://images.openfoodfacts.org/images/products/890/611/154/0492/front_en.3.full.jpg,open_food_facts,CC-BY-SA,,,,,
8906111540508,data\processed\packaging\8906111540508.png,packaging,,data\raw\packaging\8906111540508.jpg,Chips Cream & Onion,Fun Flips,https://images.openfoodfacts.org/images/products/890/611/154/0508/front_en.3.full.jpg,open_food_facts,CC-BY-SA,,,,,
8906117090052,data\processed\packaging\8906117090052.png,packaging,,data\raw\packaging\8906117090052.jpg,Potato Popped Chips - Bhel,Brb,https://images.openfoodfacts.org/images/products/890/611/709/0052/front_en.4.full.jpg,open_food_facts,CC-BY-SA,,,,,
8906117090359,data\processed\packaging\8906117090359.png,packaging,,data\raw\packaging\8906117090359.jpg,Potato Popped Chips - Pasta Cheese,BRB Chips,https://images.openfoodfacts.org/images/products/890/611/709/0359/front_en.4.full.jpg,open_food_facts,CC-BY-SA,,,,,
8906117090762,data\processed\packaging\8906117090762.png,packaging,,data\raw\packaging\8906117090762.jpg,Rice Popped Chips - Classic Salted,BRB,https://images.openfoodfacts.org/images/products/890/611/709/0762/front_en.4.full.jpg,open_food_facts,CC-BY-SA,,,,,
8906125981717,data\processed\packaging\8906125981717.png,packaging,,data\raw\packaging\8906125981717.jpg,"Corn Chips, Salt And truffle",4700 BC,https://images.openfoodfacts.org/images/products/890/612/598/1717/front_en.3.full.jpg,open_food_facts,CC-BY-SA,,,,,
8906125981731,data\processed\packaging\8906125981731.png,packaging,,data\raw\packaging\8906125981731.jpg,Corn Chips,4700,https://images.openfoodfacts.org/images/products/890/612/598/1731/front_en.7.full.jpg,open_food_facts,CC-BY-SA,,,,,
8906130900574,data\processed\packaging\8906130900574.png,packaging,,data\raw\packaging\8906130900574.jpg,Turtle  chips  spicy devil,Orion,https://images.openfoodfacts.org/images/products/890/613/090/0574/front_en.3.full.jpg,open_food_facts,CC-BY-SA,,,,,
8906130900994,data\processed\packaging\8906130900994.png,packaging,,data\raw\packaging\8906130900994.jpg,Orion K Snack Rings 3x Spicy,Orion,https://images.openfoodfacts.org/images/products/890/613/090/0994/front_en.3.full.jpg,open_food_facts,CC-BY-SA,,,,,
8906131682219,data\processed\packaging\8906131682219.png,packaging,,data\raw\packaging\8906131682219.jpg,Jowar Puff chatpata treart,Mille,https://images.openfoodfacts.org/images/products/890/613/168/2219/front_en.3.full.jpg,open_food_facts,CC-BY-SA,,,,,
8906137330008,data\processed\packaging\8906137330008.png,packaging,,data\raw\packaging\8906137330008.jpg,Potato chips,Good to great,https://images.openfoodfacts.org/images/products/890/613/733/0008/front_en.3.full.jpg,open_food_facts,CC-BY-SA,,,,,
8906151231862,data\processed\packaging\8906151231862.png,packaging,,data\raw\packaging\8906151231862.jpg,Ragi Chips,Snackible,https://images.openfoodfacts.org/images/products/890/615/123/1862/front_en.3.full.jpg,open_food_facts,CC-BY-SA,,,,,
8906161390580,data\processed\packaging\8906161390580.png,packaging,,data\raw\packaging\8906161390580.jpg,Potato waffers,let's try,https://images.openfoodfacts.org/images/products/890/616/139/0580/front_en.3.full.jpg,open_food_facts,CC-BY-SA,,,,,
8906169990980,data\processed\packaging\8906169990980.png,packaging,,data\raw\packaging\8906169990980.jpg,Nendran Banana Chips,Sweet Karam Coffee,https://images.openfoodfacts.org/images/products/890/616/999/0980/front_en.4.full.jpg,open_food_facts,CC-BY-SA,,,,,
8907003508859,data\processed\packaging\8907003508859.png,packaging,,data\raw\packaging\8907003508859.jpg,Thattai,A2B,https://images.openfoodfacts.org/images/products/890/700/350/8859/front_en.8.full.jpg,open_food_facts,CC-BY-SA,,,,,
8908000589599,data\processed\packaging\8908000589599.png,packaging,,data\raw\packaging\8908000589599.jpg,ONION RINGS,SNAK UP,https://images.openfoodfacts.org/images/products/890/800/058/9599/front_en.9.full.jpg,open_food_facts,CC-BY-SA,,,,,
8908001017046,data\processed\packaging\8908001017046.png,packaging,,data\raw\packaging\8908001017046.jpg,Cornitos nacho crips,,https://images.openfoodfacts.org/images/products/890/800/101/7046/front_en.4.full.jpg,open_food_facts,CC-BY-SA,,,,,
8908001017053,data\processed\packaging\8908001017053.png,packaging,,data\raw\packaging\8908001017053.jpg,Sizzlin Jalapeno Nacho Crisps,Cornitos,https://images.openfoodfacts.org/images/products/890/800/101/7053/front_en.4.full.jpg,open_food_facts,CC-BY-SA,,,,,
8908001017237,data\processed\packaging\8908001017237.png,packaging,,data\raw\packaging\8908001017237.jpg,Nacho Crisps Sizzling Jalapeno,Cornitos,https://images.openfoodfacts.org/images/products/890/800/101/7237/front_en.4.full.jpg,open_food_facts,CC-BY-SA,,,,,
8908001017855,data\processed\packaging\8908001017855.png,packaging,,data\raw\packaging\8908001017855.jpg,Peri Peri Nacho Crisps,Cornitos,https://images.openfoodfacts.org/images/products/890/800/101/7855/front_en.3.full.jpg,open_food_facts,CC-BY-SA,,,,,
8908001017893,data\processed\packaging\8908001017893.png,packaging,,data\raw\packaging\8908001017893.jpg,,,https://images.openfoodfacts.org/images/products/890/800/101/7893/front_en.3.full.jpg,open_food_facts,CC-BY-SA,,,,,
8908003763057,data\processed\packaging\8908003763057.png,packaging,,data\raw\packaging\8908003763057.jpg,potato chips,Maxvita,https://images.openfoodfacts.org/images/products/890/800/376/3057/front_en.5.full.jpg,open_food_facts,CC-BY-SA,,,,,
8908004740057,data\processed\packaging\8908004740057.png,packaging,,data\raw\packaging\8908004740057.jpg,Potato chips Star,,https://images.openfoodfacts.org/images/products/890/800/474/0057/front_en.3.full.jpg,open_food_facts,CC-BY-SA,,,,,
8908010213071,data\processed\packaging\8908010213071.png,packaging,,data\raw\packaging\8908010213071.jpg,JALAPENO,Makino,https://images.openfoodfacts.org/images/products/890/801/021/3071/front_en.4.full.jpg,open_food_facts,CC-BY-SA,,,,,
8908010609348,data\processed\packaging\8908010609348.png,packaging,,data\raw\packaging\8908010609348.jpg,,,https://images.openfoodfacts.org/images/products/890/801/060/9348/front_en.3.full.jpg,open_food_facts,CC-BY-SA,,,,,
8908013328222,data\processed\packaging\8908013328222.png,packaging,,data\raw\packaging\8908013328222.jpg,Nutty Chips,Open Secret,https://images.openfoodfacts.org/images/products/890/801/332/8222/front_en.3.full.jpg,open_food_facts,CC-BY-SA,,,,,
8908013524181,data\processed\packaging\8908013524181.png,packaging,,data\raw\packaging\8908013524181.jpg,Popped potato chips Italian Cheese flavour,,https://images.openfoodfacts.org/images/products/890/801/352/4181/front_fr.3.full.jpg,open_food_facts,CC-BY-SA,,,,,
8908014658489,data\processed\packaging\8908014658489.png,packaging,,data\raw\packaging\8908014658489.jpg,kettle style cream and onion,the theather project,https://images.openfoodfacts.org/images/products/890/801/465/8489/front_en.3.full.jpg,open_food_facts,CC-BY-SA,,,,,
8908015676215,data\processed\packaging\8908015676215.png,packaging,,data\raw\packaging\8908015676215.jpg,Purple Sweet Potato with Panipuri Masala,To Be Honest Crunchies,https://images.openfoodfacts.org/images/products/890/801/567/6215/front_en.3.full.jpg,open_food_facts,CC-BY-SA,,,,,
8908015836114,data\processed\packaging\8908015836114.png,packaging,,data\raw\packaging\8908015836114.jpg,The Healthy Binge Moringa Jowar Crispies,The Healthy Binge,https://images.openfoodfacts.org/images/products/890/801/583/6114/front_en.13.full.jpg,open_food_facts,CC-BY-SA,,,,,
8908016029287,data\processed\packaging\8908016029287.png,packaging,,data\raw\packaging\8908016029287.jpg,Pasta Crunch,Crax,https://images.openfoodfacts.org/images/products/890/801/602/9287/front_en.3.full.jpg,open_food_facts,CC-BY-SA,,,,,
8908017770010,data\processed\packaging\8908017770010.png,packaging,,data\raw\packaging\8908017770010.jpg,Mala Chanachur,Halder's,https://images.openfoodfacts.org/images/products/890/801/777/0010/front_en.3.full.jpg,open_food_facts,CC-BY-SA,,,,,
8908018906807,data\processed\packaging\8908018906807.png,packaging,,data\raw\packaging\8908018906807.jpg,Troo Good Magic Masala Jowar Ribbons,Troo Good,https://images.openfoodfacts.org/images/products/890/801/890/6807/front_en.3.full.jpg,open_food_facts,CC-BY-SA,,,,,
8908019319095,data\processed\packaging\8908019319095.png,packaging,,data\raw\packaging\8908019319095.jpg,Yummy Tomato Potato Chips,Chakote,https://images.openfoodfacts.org/images/products/890/801/931/9095/front_en.4.full.jpg,open_food_facts,CC-BY-SA,,,,,
8908019822243,data\processed\packaging\8908019822243.png,packaging,,data\raw\packaging\8908019822243.jpg,Flavours of Calicut Jackfruit Chips,Flavours of Calicut,https://images.openfoodfacts.org/images/products/890/801/982/2243/front_en.4.full.jpg,open_food_facts,CC-BY-SA,,,,,
8908023134066,data\processed\packaging\8908023134066.png,packaging,,data\raw\packaging\8908023134066.jpg,Beetroot chips Mint,Krunchillo,https://images.openfoodfacts.org/images/products/890/802/313/4066/front_en.3.full.jpg,open_food_facts,CC-BY-SA,,,,,
8908024977211,data\processed\packaging\8908024977211.png,packaging,,data\raw\packaging\8908024977211.jpg,Multigrain Chips,Superyou,https://images.openfoodfacts.org/images/products/890/802/497/7211/front_en.4.full.jpg,open_food_facts,CC-BY-SA,,,,,
8909081002083,data\processed\packaging\8909081002083.png,packaging,,data\raw\packaging\8909081002083.jpg,Bingo Potato Chips Himalayan Pink Salt,Bingo,https://images.openfoodfacts.org/images/products/890/908/100/2083/front_en.3.full.jpg,open_food_facts,CC-BY-SA,,,,,
8909081005589,data\processed\packaging\8909081005589.png,packaging,,data\raw\packaging\8909081005589.jpg,,,https://images.openfoodfacts.org/images/products/890/908/100/5589/front_en.6.full.jpg,open_food_facts,CC-BY-SA,,,,,
8909081008030,data\processed\packaging\8909081008030.png,packaging,,data\raw\packaging\8909081008030.jpg,Butter & Garlic Chips,Bingo,https://images.openfoodfacts.org/images/products/890/908/100/8030/front_en.5.full.jpg,open_food_facts,CC-BY-SA,,,,,
8919654675019,data\processed\packaging\8919654675019.png,packaging,,data\raw\packaging\8919654675019.jpg,,,https://images.openfoodfacts.org/images/products/891/965/467/5019/front_en.3.full.jpg,open_food_facts,CC-BY-SA,,,,,
9519010500628,data\processed\packaging\9519010500628.png,packaging,,data\raw\packaging\9519010500628.jpg,,,https://images.openfoodfacts.org/images/products/951/901/050/0628/front_en.3.full.jpg,open_food_facts,CC-BY-SA,,,,,
9557062361217,data\processed\packaging\9557062361217.png,packaging,,data\raw\packaging\9557062361217.jpg,Mister potato crisp,Mister Potato,https://images.openfoodfacts.org/images/products/955/706/236/1217/front_en.26.full.jpg,open_food_facts,CC-BY-SA,,,,,
1010_CE_Brihadishwara_Shiva_Temple_linga_and_painting_built_by_Rajaraja_I_Thanjavur_Tamil_Nadu_India,data\processed\style_references\tamil_nadu\1010_CE_Brihadishwara_Shiva_Temple_linga_and_painting_built_by_Rajaraja_I_Thanjavur_Tamil_Nadu_India.png,style_reference,tamil_nadu,data\style_references\tamil_nadu\1010_CE_Brihadishwara_Shiva_Temple_linga_and_painting_built_by_Rajaraja_I_Thanjavur_Tamil_Nadu_India.jpg,,,,,,"File:1010 CE Brihadishwara Shiva Temple, linga and painting, built by Rajaraja I, Thanjavur Tamil Nadu India.jpg","Richard Mortel from Riyadh, Saudi Arabia","Brihadishwara Temple, Dedicated to Shiva, built by Rajaraja I, completed in 1010, Thanjavur (74)","https://commons.wikimedia.org/wiki/File:1010_CE_Brihadishwara_Shiva_Temple,_linga_and_painting,_built_by_Rajaraja_I,_Thanjavur_Tamil_Nadu_India.jpg",CC BY 2.0
1010_CE_Brihadishwara_Shiva_Temple_painting_built_by_Rajaraja_I_Thanjavur_Tamil_Nadu_India,data\processed\style_references\tamil_nadu\1010_CE_Brihadishwara_Shiva_Temple_painting_built_by_Rajaraja_I_Thanjavur_Tamil_Nadu_India.png,style_reference,tamil_nadu,data\style_references\tamil_nadu\1010_CE_Brihadishwara_Shiva_Temple_painting_built_by_Rajaraja_I_Thanjavur_Tamil_Nadu_India.jpg,,,,,,"File:1010 CE Brihadishwara Shiva Temple, painting, built by Rajaraja I, Thanjavur Tamil Nadu India.jpg","Richard Mortel from Riyadh, Saudi Arabia","Brihadishwara Temple, Dedicated to Shiva, built by Rajaraja I, completed in 1010, Thanjavur (53)","https://commons.wikimedia.org/wiki/File:1010_CE_Brihadishwara_Shiva_Temple,_painting,_built_by_Rajaraja_I,_Thanjavur_Tamil_Nadu_India.jpg",CC BY 2.0
1010_CE_Brihadishwara_Shiva_Temple_painting_built_by_Rajaraja_I_Thanjavur_Tamil_Nadu_India_2,data\processed\style_references\tamil_nadu\1010_CE_Brihadishwara_Shiva_Temple_painting_built_by_Rajaraja_I_Thanjavur_Tamil_Nadu_India_2.png,style_reference,tamil_nadu,data\style_references\tamil_nadu\1010_CE_Brihadishwara_Shiva_Temple_painting_built_by_Rajaraja_I_Thanjavur_Tamil_Nadu_India_2.jpg,,,,,,"File:1010 CE Brihadishwara Shiva Temple, painting, built by Rajaraja I, Thanjavur Tamil Nadu India (2).jpg","Richard Mortel from Riyadh, Saudi Arabia","Brihadishwara Temple, Dedicated to Shiva, built by Rajaraja I, completed in 1010, Thanjavur (71)","https://commons.wikimedia.org/wiki/File:1010_CE_Brihadishwara_Shiva_Temple,_painting,_built_by_Rajaraja_I,_Thanjavur_Tamil_Nadu_India_(2).jpg",CC BY 2.0
A_bazaarwalla_and_a_customer_6125146422,data\processed\style_references\tamil_nadu\A_bazaarwalla_and_a_customer_6125146422.png,style_reference,tamil_nadu,data\style_references\tamil_nadu\A_bazaarwalla_and_a_customer_6125146422.jpg,,,,,,File:A bazaarwalla and a customer (6125146422).jpg,Unknown author Unknown author,Flickr,https://commons.wikimedia.org/wiki/File:A_bazaarwalla_and_a_customer_(6125146422).jpg,Public domain
A_Image_of_Illustrations_on_the_roof_of_The_Nandi_Mandam_of_The_Big_Temple,data\processed\style_references\tamil_nadu\A_Image_of_Illustrations_on_the_roof_of_The_Nandi_Mandam_of_The_Big_Temple.png,style_reference,tamil_nadu,data\style_references\tamil_nadu\A_Image_of_Illustrations_on_the_roof_of_The_Nandi_Mandam_of_The_Big_Temple.JPG,,,,,,,,,,
A_Mughal_warrior_and_his_wife,data\processed\style_references\tamil_nadu\A_Mughal_warrior_and_his_wife.png,style_reference,tamil_nadu,data\style_references\tamil_nadu\A_Mughal_warrior_and_his_wife.jpg,,,,,,File:A Mughal warrior and his wife.jpg,Unknown (production),https://collections.vam.ac.uk/item/O392924/painting-a-mughal-warrior-and-his/,https://commons.wikimedia.org/wiki/File:A_Mughal_warrior_and_his_wife.jpg,Public domain
A_view_of_Illustrations_on_the_roof_of_The_Nandi_Mandam_of_The_Big_Temple,data\processed\style_references\tamil_nadu\A_view_of_Illustrations_on_the_roof_of_The_Nandi_Mandam_of_The_Big_Temple.png,style_reference,tamil_nadu,data\style_references\tamil_nadu\A_view_of_Illustrations_on_the_roof_of_The_Nandi_Mandam_of_The_Big_Temple.JPG,,,,,,,,,,
Ancient_time,data\processed\style_references\tamil_nadu\Ancient_time.png,style_reference,tamil_nadu,data\style_references\tamil_nadu\Ancient_time.jpg,,,,,,File:Ancient time.jpg,Tilak47,Own work,https://commons.wikimedia.org/wiki/File:Ancient_time.jpg,CC0
Brihadishwara_Temple_Dedicated_to_Shiva_built_by_Rajaraja_I_completed_in_1010_Thanjavur_64_36827799503,data\processed\style_references\tamil_nadu\Brihadishwara_Temple_Dedicated_to_Shiva_built_by_Rajaraja_I_completed_in_1010_Thanjavur_64_36827799503.png,style_reference,tamil_nadu,data\style_references\tamil_nadu\Brihadishwara_Temple_Dedicated_to_Shiva_built_by_Rajaraja_I_completed_in_1010_Thanjavur_64_36827799503.jpg,,,,,,"File:Brihadishwara Temple, Dedicated to Shiva, built by Rajaraja I, completed in 1010, Thanjavur (64) (36827799503).jpg","Richard Mortel from Riyadh, Saudi Arabia","Brihadishwara Temple, Dedicated to Shiva, built by Rajaraja I, completed in 1010, Thanjavur (64)","https://commons.wikimedia.org/wiki/File:Brihadishwara_Temple,_Dedicated_to_Shiva,_built_by_Rajaraja_I,_completed_in_1010,_Thanjavur_(64)_(36827799503).jpg",CC BY 2.0
Brihadishwara_Temple_Dedicated_to_Shiva_built_by_Rajaraja_I_completed_in_1010_Thanjavur_65_36827783873,data\processed\style_references\tamil_nadu\Brihadishwara_Temple_Dedicated_to_Shiva_built_by_Rajaraja_I_completed_in_1010_Thanjavur_65_36827783873.png,style_reference,tamil_nadu,data\style_references\tamil_nadu\Brihadishwara_Temple_Dedicated_to_Shiva_built_by_Rajaraja_I_completed_in_1010_Thanjavur_65_36827783873.jpg,,,,,,"File:Brihadishwara Temple, Dedicated to Shiva, built by Rajaraja I, completed in 1010, Thanjavur (65) (36827783873).jpg","Richard Mortel from Riyadh, Saudi Arabia","Brihadishwara Temple, Dedicated to Shiva, built by Rajaraja I, completed in 1010, Thanjavur (65)","https://commons.wikimedia.org/wiki/File:Brihadishwara_Temple,_Dedicated_to_Shiva,_built_by_Rajaraja_I,_completed_in_1010,_Thanjavur_(65)_(36827783873).jpg",CC BY 2.0
Brihadishwara_Temple_Dedicated_to_Shiva_built_by_Rajaraja_I_completed_in_1010_Thanjavur_66_37466010632,data\processed\style_references\tamil_nadu\Brihadishwara_Temple_Dedicated_to_Shiva_built_by_Rajaraja_I_completed_in_1010_Thanjavur_66_37466010632.png,style_reference,tamil_nadu,data\style_references\tamil_nadu\Brihadishwara_Temple_Dedicated_to_Shiva_built_by_Rajaraja_I_completed_in_1010_Thanjavur_66_37466010632.jpg,,,,,,"File:Brihadishwara Temple, Dedicated to Shiva, built by Rajaraja I, completed in 1010, Thanjavur (66) (37466010632).jpg","Richard Mortel from Riyadh, Saudi Arabia","Brihadishwara Temple, Dedicated to Shiva, built by Rajaraja I, completed in 1010, Thanjavur (66)","https://commons.wikimedia.org/wiki/File:Brihadishwara_Temple,_Dedicated_to_Shiva,_built_by_Rajaraja_I,_completed_in_1010,_Thanjavur_(66)_(37466010632).jpg",CC BY 2.0
Brihadishwara_Temple_Dedicated_to_Shiva_built_by_Rajaraja_I_completed_in_1010_Thanjavur_67_37466005762,data\processed\style_references\tamil_nadu\Brihadishwara_Temple_Dedicated_to_Shiva_built_by_Rajaraja_I_completed_in_1010_Thanjavur_67_37466005762.png,style_reference,tamil_nadu,data\style_references\tamil_nadu\Brihadishwara_Temple_Dedicated_to_Shiva_built_by_Rajaraja_I_completed_in_1010_Thanjavur_67_37466005762.jpg,,,,,,"File:Brihadishwara Temple, Dedicated to Shiva, built by Rajaraja I, completed in 1010, Thanjavur (67) (37466005762).jpg","Richard Mortel from Riyadh, Saudi Arabia","Brihadishwara Temple, Dedicated to Shiva, built by Rajaraja I, completed in 1010, Thanjavur (67)","https://commons.wikimedia.org/wiki/File:Brihadishwara_Temple,_Dedicated_to_Shiva,_built_by_Rajaraja_I,_completed_in_1010,_Thanjavur_(67)_(37466005762).jpg",CC BY 2.0
Brihadishwara_Temple_Dedicated_to_Shiva_built_by_Rajaraja_I_completed_in_1010_Thanjavur_68_36787092424,data\processed\style_references\tamil_nadu\Brihadishwara_Temple_Dedicated_to_Shiva_built_by_Rajaraja_I_completed_in_1010_Thanjavur_68_36787092424.png,style_reference,tamil_nadu,data\style_references\tamil_nadu\Brihadishwara_Temple_Dedicated_to_Shiva_built_by_Rajaraja_I_completed_in_1010_Thanjavur_68_36787092424.jpg,,,,,,"File:Brihadishwara Temple, Dedicated to Shiva, built by Rajaraja I, completed in 1010, Thanjavur (68) (36787092424).jpg","Richard Mortel from Riyadh, Saudi Arabia","Brihadishwara Temple, Dedicated to Shiva, built by Rajaraja I, completed in 1010, Thanjavur (68)","https://commons.wikimedia.org/wiki/File:Brihadishwara_Temple,_Dedicated_to_Shiva,_built_by_Rajaraja_I,_completed_in_1010,_Thanjavur_(68)_(36787092424).jpg",CC BY 2.0
Brihadishwara_Temple_Dedicated_to_Shiva_built_by_Rajaraja_I_completed_in_1010_Thanjavur_69_36787078114,data\processed\style_references\tamil_nadu\Brihadishwara_Temple_Dedicated_to_Shiva_built_by_Rajaraja_I_completed_in_1010_Thanjavur_69_36787078114.png,style_reference,tamil_nadu,data\style_references\tamil_nadu\Brihadishwara_Temple_Dedicated_to_Shiva_built_by_Rajaraja_I_completed_in_1010_Thanjavur_69_36787078114.jpg,,,,,,"File:Brihadishwara Temple, Dedicated to Shiva, built by Rajaraja I, completed in 1010, Thanjavur (69) (36787078114).jpg","Richard Mortel from Riyadh, Saudi Arabia","Brihadishwara Temple, Dedicated to Shiva, built by Rajaraja I, completed in 1010, Thanjavur (69)","https://commons.wikimedia.org/wiki/File:Brihadishwara_Temple,_Dedicated_to_Shiva,_built_by_Rajaraja_I,_completed_in_1010,_Thanjavur_(69)_(36787078114).jpg",CC BY 2.0
DSC_1218-EFFECTS,data\processed\style_references\tamil_nadu\DSC_1218-EFFECTS.png,style_reference,tamil_nadu,data\style_references\tamil_nadu\DSC_1218-EFFECTS.jpg,,,,,,File:DSC 1218-EFFECTS.jpg,Gbkrish1,Own work,https://commons.wikimedia.org/wiki/File:DSC_1218-EFFECTS.jpg,CC BY-SA 4.0
Gajalakshmi_in_Tanjore_Painting,data\processed\style_references\tamil_nadu\Gajalakshmi_in_Tanjore_Painting.png,style_reference,tamil_nadu,data\style_references\tamil_nadu\Gajalakshmi_in_Tanjore_Painting.png,,,,,,File:Gajalakshmi in Tanjore Painting.png,Archana Devarkonda,The uploader on Wikimedia Commons received this from the author/copyright holder.,https://commons.wikimedia.org/wiki/File:Gajalakshmi_in_Tanjore_Painting.png,FAL
Maratha_Durbar_Hall_in_Thanjavur_02,data\processed\style_references\tamil_nadu\Maratha_Durbar_Hall_in_Thanjavur_02.png,style_reference,tamil_nadu,data\style_references\tamil_nadu\Maratha_Durbar_Hall_in_Thanjavur_02.jpg,,,,,,File:Maratha Durbar Hall in Thanjavur 02.jpg,பிரயாணி,Own work,https://commons.wikimedia.org/wiki/File:Maratha_Durbar_Hall_in_Thanjavur_02.jpg,CC BY-SA 4.0
Maratha_Durbar_Hall_in_Thanjavur_09,data\processed\style_references\tamil_nadu\Maratha_Durbar_Hall_in_Thanjavur_09.png,style_reference,tamil_nadu,data\style_references\tamil_nadu\Maratha_Durbar_Hall_in_Thanjavur_09.jpg,,,,,,File:Maratha Durbar Hall in Thanjavur 09.jpg,பிரயாணி,Own work,https://commons.wikimedia.org/wiki/File:Maratha_Durbar_Hall_in_Thanjavur_09.jpg,CC BY-SA 4.0
Maratha_Durbar_Hall_in_Thanjavur_13,data\processed\style_references\tamil_nadu\Maratha_Durbar_Hall_in_Thanjavur_13.png,style_reference,tamil_nadu,data\style_references\tamil_nadu\Maratha_Durbar_Hall_in_Thanjavur_13.jpg,,,,,,File:Maratha Durbar Hall in Thanjavur 13.jpg,பிரயாணி,Own work,https://commons.wikimedia.org/wiki/File:Maratha_Durbar_Hall_in_Thanjavur_13.jpg,CC BY-SA 4.0
Maratha_Durbar_Hall_in_Thanjavur_19,data\processed\style_references\tamil_nadu\Maratha_Durbar_Hall_in_Thanjavur_19.png,style_reference,tamil_nadu,data\style_references\tamil_nadu\Maratha_Durbar_Hall_in_Thanjavur_19.jpg,,,,,,File:Maratha Durbar Hall in Thanjavur 19.jpg,பிரயாணி,Own work,https://commons.wikimedia.org/wiki/File:Maratha_Durbar_Hall_in_Thanjavur_19.jpg,CC BY-SA 4.0
Mural_Paintings_at_Sarawati_Mahal_Libray_Thanjavur_India,data\processed\style_references\tamil_nadu\Mural_Paintings_at_Sarawati_Mahal_Libray_Thanjavur_India.png,style_reference,tamil_nadu,data\style_references\tamil_nadu\Mural_Paintings_at_Sarawati_Mahal_Libray_Thanjavur_India.jpg,,,,,,File:Mural Paintings at Sarawati Mahal Libray Thanjavur India.jpg,N. Vivekananthamoorthy,Own work,https://commons.wikimedia.org/wiki/File:Mural_Paintings_at_Sarawati_Mahal_Libray_Thanjavur_India.jpg,CC BY-SA 4.0
Natarajar_Tanjore_painting,data\processed\style_references\tamil_nadu\Natarajar_Tanjore_painting.png,style_reference,tamil_nadu,data\style_references\tamil_nadu\Natarajar_Tanjore_painting.jpg,,,,,,File:Natarajar Tanjore painting.jpg,Subha murugan,Own work,https://commons.wikimedia.org/wiki/File:Natarajar_Tanjore_painting.jpg,CC BY-SA 3.0
Navaneeta_Krishna_-_Google_Art_Project,data\processed\style_references\tamil_nadu\Navaneeta_Krishna_-_Google_Art_Project.png,style_reference,tamil_nadu,data\style_references\tamil_nadu\Navaneeta_Krishna_-_Google_Art_Project.jpg,,,,,,File:Navaneeta Krishna - Google Art Project.jpg,Unknown author Unknown author,hwHSAm_Z6ArAaw at Google Cultural Institute maximum zoom level,https://commons.wikimedia.org/wiki/File:Navaneeta_Krishna_-_Google_Art_Project.jpg,Public domain
Painting_in_GRANARY,data\processed\style_references\tamil_nadu\Painting_in_GRANARY.png,style_reference,tamil_nadu,data\style_references\tamil_nadu\Painting_in_GRANARY.JPG,,,,,,,,,,
Scuola_di_thanjavur_raja_rani_in_piedi,data\processed\style_references\tamil_nadu\Scuola_di_thanjavur_raja_rani_in_piedi.png,style_reference,tamil_nadu,data\style_references\tamil_nadu\Scuola_di_thanjavur_raja_rani_in_piedi.jpg,,,,,,"File:Scuola di thanjavur, raja rani in piedi.jpg",Sailko,Own work,"https://commons.wikimedia.org/wiki/File:Scuola_di_thanjavur,_raja_rani_in_piedi.jpg",CC BY 3.0
Scuola_di_thanjavur_re_shivaji_di_thanjavur_e_sua_moglie_saitamba_bai,data\processed\style_references\tamil_nadu\Scuola_di_thanjavur_re_shivaji_di_thanjavur_e_sua_moglie_saitamba_bai.png,style_reference,tamil_nadu,data\style_references\tamil_nadu\Scuola_di_thanjavur_re_shivaji_di_thanjavur_e_sua_moglie_saitamba_bai.jpg,,,,,,"File:Scuola di thanjavur, re shivaji di thanjavur e sua moglie saitamba bai.jpg",Sailko,Own work,"https://commons.wikimedia.org/wiki/File:Scuola_di_thanjavur,_re_shivaji_di_thanjavur_e_sua_moglie_saitamba_bai.jpg",CC BY 3.0
A_Bengali_Lady_Krishna_Killing_the_Demon_Bakasura_6125147052,data\processed\style_references\west_bengal\A_Bengali_Lady_Krishna_Killing_the_Demon_Bakasura_6125147052.png,style_reference,west_bengal,data\style_references\west_bengal\A_Bengali_Lady_Krishna_Killing_the_Demon_Bakasura_6125147052.jpg,,,,,,"File:A Bengali Lady; Krishna Killing the Demon, Bakasura (6125147052).jpg",thesandiegomuseumofartcollection,Flickr,"https://commons.wikimedia.org/wiki/File:A_Bengali_Lady;_Krishna_Killing_the_Demon,_Bakasura_(6125147052).jpg",Public domain
A_courtesan_dressing_her_hair_Wellcome_L0022501,data\processed\style_references\west_bengal\A_courtesan_dressing_her_hair_Wellcome_L0022501.png,style_reference,west_bengal,data\style_references\west_bengal\A_courtesan_dressing_her_hair_Wellcome_L0022501.jpg,,,,,,File:A courtesan dressing her hair Wellcome L0022501.jpg,,https://wellcomeimages.org/indexplus/obf_images/f4/8c/65269af8d96675e53b823c007a3e.jpg Gallery: https://wellcomeimages.org/indexplus/image/L0022501.html Wellcome Collection gallery (2018-03-21): https://wellcomecollection.org/works/wph87xct CC-BY-4.0,https://commons.wikimedia.org/wiki/File:A_courtesan_dressing_her_hair_Wellcome_L0022501.jpg,CC BY 4.0
A_Courtesan_Unveiling__unknown_artist_Wallace_Collection,data\processed\style_references\west_bengal\A_Courtesan_Unveiling__unknown_artist_Wallace_Collection.png,style_reference,west_bengal,data\style_references\west_bengal\A_Courtesan_Unveiling__unknown_artist_Wallace_Collection.png,,,,,,"File:A Courtesan Unveiling ( unknown artist), Wallace Collection.png",Unknown author Unknown author,Art UK,"https://commons.wikimedia.org/wiki/File:A_Courtesan_Unveiling_(_unknown_artist),_Wallace_Collection.png",Public domain
A_Dancing_Courtesan,data\processed\style_references\west_bengal\A_Dancing_Courtesan.png,style_reference,west_bengal,data\style_references\west_bengal\A_Dancing_Courtesan.jpg,,,,,,File:A Dancing Courtesan.jpg,Rajan Guptta,Own work,https://commons.wikimedia.org/wiki/File:A_Dancing_Courtesan.jpg,CC BY 4.0
A_Himalayan_Monal_Impeyan_Pheasant_1803-05_ink_and_watercolor,data\processed\style_references\west_bengal\A_Himalayan_Monal_Impeyan_Pheasant_1803-05_ink_and_watercolor.png,style_reference,west_bengal,data\style_references\west_bengal\A_Himalayan_Monal_Impeyan_Pheasant_1803-05_ink_and_watercolor.jpg,,,,,,"File:A Himalayan Monal (Impeyan Pheasant), 1803-05, ink and watercolor.jpg",Anonymous Unknown author,"Francesca Galloway, London","https://commons.wikimedia.org/wiki/File:A_Himalayan_Monal_(Impeyan_Pheasant),_1803-05,_ink_and_watercolor.jpg",Public domain
A_holyman_with_two_tigers_Wellcome_L0022500,data\processed\style_references\west_bengal\A_holyman_with_two_tigers_Wellcome_L0022500.png,style_reference,west_bengal,data\style_references\west_bengal\A_holyman_with_two_tigers_Wellcome_L0022500.jpg,,,,,,File:A holyman with two tigers Wellcome L0022500.jpg,,https://wellcomeimages.org/indexplus/obf_images/17/63/33c3ad9b3e62334c7499f6afe0e6.jpg Gallery: https://wellcomeimages.org/indexplus/image/L0022500.html Wellcome Collection gallery (2018-03-22): https://wellcomecollection.org/works/p8vcv7j3 CC-BY-4.0,https://commons.wikimedia.org/wiki/File:A_holyman_with_two_tigers_Wellcome_L0022500.jpg,CC BY 4.0
A_man_attacking_a_woman_Wellcome_L0022495,data\processed\style_references\west_bengal\A_man_attacking_a_woman_Wellcome_L0022495.png,style_reference,west_bengal,data\style_references\west_bengal\A_man_attacking_a_woman_Wellcome_L0022495.jpg,,,,,,File:A man attacking a woman Wellcome L0022495.jpg,,https://wellcomeimages.org/indexplus/obf_images/eb/44/7c5ca0c17a5775604a48c19308f7.jpg Gallery: https://wellcomeimages.org/indexplus/image/L0022495.html Wellcome Collection gallery (2018-03-22): https://wellcomecollection.org/works/jj4fea9y CC-BY-4.0,https://commons.wikimedia.org/wiki/File:A_man_attacking_a_woman_Wellcome_L0022495.jpg,CC BY 4.0
A_seated_courtesan_playing_a_sitar._Watercolour_drawing._Wellcome_L0022510,data\processed\style_references\west_bengal\A_seated_courtesan_playing_a_sitar._Watercolour_drawing._Wellcome_L0022510.png,style_reference,west_bengal,data\style_references\west_bengal\A_seated_courtesan_playing_a_sitar._Watercolour_drawing._Wellcome_L0022510.jpg,,,,,,File:A seated courtesan playing a sitar. Watercolour drawing. Wellcome L0022510.jpg,,https://wellcomeimages.org/indexplus/obf_images/6b/15/0cbd09ca0a0728136a7c3f723a90.jpg Gallery: https://wellcomeimages.org/indexplus/image/L0022510.html Wellcome Collection gallery (2018-03-22): https://wellcomecollection.org/works/nze29ggk CC-BY-4.0,https://commons.wikimedia.org/wiki/File:A_seated_courtesan_playing_a_sitar._Watercolour_drawing._Wellcome_L0022510.jpg,CC BY 4.0
A_seated_courtesan_playing_a_sitar._Watercolour_drawing._Wellcome_V0044998,data\processed\style_references\west_bengal\A_seated_courtesan_playing_a_sitar._Watercolour_drawing._Wellcome_V0044998.png,style_reference,west_bengal,data\style_references\west_bengal\A_seated_courtesan_playing_a_sitar._Watercolour_drawing._Wellcome_V0044998.jpg,,,,,,File:A seated courtesan playing a sitar. Watercolour drawing. Wellcome V0044998.jpg,,https://wellcomeimages.org/indexplus/obf_images/42/71/193cc787d310ad4e34b81205d9b7.jpg Gallery: https://wellcomeimages.org/indexplus/image/V0044998.html Wellcome Collection gallery (2018-03-22): https://wellcomecollection.org/works/ucrpu726 CC-BY-4.0,https://commons.wikimedia.org/wiki/File:A_seated_courtesan_playing_a_sitar._Watercolour_drawing._Wellcome_V0044998.jpg,CC BY 4.0
Arjuna_wins_Draupadi,data\processed\style_references\west_bengal\Arjuna_wins_Draupadi.png,style_reference,west_bengal,data\style_references\west_bengal\Arjuna_wins_Draupadi.jpg,,,,,,File:Arjuna wins Draupadi.jpg,Unknown author Unknown author,https://collections.vam.ac.uk/item/O432328/painting/,https://commons.wikimedia.org/wiki/File:Arjuna_wins_Draupadi.jpg,Public domain
Bagalamukhi,data\processed\style_references\west_bengal\Bagalamukhi.png,style_reference,west_bengal,data\style_references\west_bengal\Bagalamukhi.jpg,,,,,,File:Bagalamukhi.jpg,Unknown author Unknown author,https://collections.vam.ac.uk/item/O432436/bagala-painting-unknown/,https://commons.wikimedia.org/wiki/File:Bagalamukhi.jpg,Public domain
Bengali_Lady_applying_Kohl_Kalighat_Painting,data\processed\style_references\west_bengal\Bengali_Lady_applying_Kohl_Kalighat_Painting.png,style_reference,west_bengal,data\style_references\west_bengal\Bengali_Lady_applying_Kohl_Kalighat_Painting.jpg,,,,,,"File:Bengali Lady applying Kohl, Kalighat Painting.jpg",Rajan Guptta,Own work,"https://commons.wikimedia.org/wiki/File:Bengali_Lady_applying_Kohl,_Kalighat_Painting.jpg",CC BY-SA 4.0
Booking_of_Madhavchandra_Giri,data\processed\style_references\west_bengal\Booking_of_Madhavchandra_Giri.png,style_reference,west_bengal,data\style_references\west_bengal\Booking_of_Madhavchandra_Giri.png,,,,,,File:Booking of Madhavchandra Giri.png,Unknown author Unknown author,http://collections.vam.ac.uk/item/O71394/painting-the-mahant-arrives-in-jail/madhavchandra-giri-the-mahant-painting-unknown,https://commons.wikimedia.org/wiki/File:Booking_of_Madhavchandra_Giri.png,Public domain
Brooklyn_Museum_-_Brahma,data\processed\style_references\west_bengal\Brooklyn_Museum_-_Brahma.png,style_reference,west_bengal,data\style_references\west_bengal\Brooklyn_Museum_-_Brahma.jpg,,,,,,File:Brooklyn Museum - Brahma.jpg,Unknown author Unknown author,"Online Collection of Brooklyn Museum ; Photo: Brooklyn Museum, 2000.98.2_IMLS_PS4.jpg",https://commons.wikimedia.org/wiki/File:Brooklyn_Museum_-_Brahma.jpg,No restrictions
Brooklyn_Museum_-_Goddess_Lakshmi_with_a_Rose_and_a_Peacock,data\processed\style_references\west_bengal\Brooklyn_Museum_-_Goddess_Lakshmi_with_a_Rose_and_a_Peacock.png,style_reference,west_bengal,data\style_references\west_bengal\Brooklyn_Museum_-_Goddess_Lakshmi_with_a_Rose_and_a_Peacock.jpg,,,,,,File:Brooklyn Museum - Goddess Lakshmi with a Rose and a Peacock.jpg,Unknown author Unknown author,"Online Collection of Brooklyn Museum ; Photo: Brooklyn Museum, 2000.98.4_IMLS_PS4.jpg",https://commons.wikimedia.org/wiki/File:Brooklyn_Museum_-_Goddess_Lakshmi_with_a_Rose_and_a_Peacock.jpg,No restrictions
Brooklyn_Museum_-_Krishna_and_Radha_-_2,data\processed\style_references\west_bengal\Brooklyn_Museum_-_Krishna_and_Radha_-_2.png,style_reference,west_bengal,data\style_references\west_bengal\Brooklyn_Museum_-_Krishna_and_Radha_-_2.jpg,,,,,,File:Brooklyn Museum - Krishna and Radha - 2.jpg,Unknown author Unknown author,"Online Collection of Brooklyn Museum ; Photo: Brooklyn Museum, 2000.98.3_IMLS_PS4.jpg",https://commons.wikimedia.org/wiki/File:Brooklyn_Museum_-_Krishna_and_Radha_-_2.jpg,Public domain
Chore_Began_Art_Studio_-_Sri_Sri_Kali_-_late_19th-century,data\processed\style_references\west_bengal\Chore_Began_Art_Studio_-_Sri_Sri_Kali_-_late_19th-century.png,style_reference,west_bengal,data\style_references\west_bengal\Chore_Began_Art_Studio_-_Sri_Sri_Kali_-_late_19th-century.jpg,,,,,,File:Chore Began Art Studio - Sri Sri Kali - late 19th-century.jpg,Chore Began Art Studio,https://artsandculture.google.com/asset/sri-sri-kali-chore-began-art-studio/7wGiUBac8oVSzg,https://commons.wikimedia.org/wiki/File:Chore_Began_Art_Studio_-_Sri_Sri_Kali_-_late_19th-century.jpg,Public domain
Domestic_violence_a_husband_holding_his_wife_by_the_hair_ab_Wellcome_V0045165,data\processed\style_references\west_bengal\Domestic_violence_a_husband_holding_his_wife_by_the_hair_ab_Wellcome_V0045165.png,style_reference,west_bengal,data\style_references\west_bengal\Domestic_violence_a_husband_holding_his_wife_by_the_hair_ab_Wellcome_V0045165.jpg,,,,,,File:Domestic violence; a husband holding his wife by the hair ab Wellcome V0045165.jpg,,https://wellcomeimages.org/indexplus/obf_images/03/9b/4649659ac387a21f39ae745e734b.jpg Gallery: https://wellcomeimages.org/indexplus/image/V0045165.html Wellcome Collection gallery (2018-03-29): https://wellcomecollection.org/works/neufgqzv CC-BY-4.0,https://commons.wikimedia.org/wiki/File:Domestic_violence;_a_husband_holding_his_wife_by_the_hair_ab_Wellcome_V0045165.jpg,CC BY 4.0
Five__headed_Shiva_Wellcome_L0022507,data\processed\style_references\west_bengal\Five__headed_Shiva_Wellcome_L0022507.png,style_reference,west_bengal,data\style_references\west_bengal\Five__headed_Shiva_Wellcome_L0022507.jpg,,,,,,File:Five (?) headed Shiva Wellcome L0022507.jpg,,https://wellcomeimages.org/indexplus/obf_images/ae/a0/b99d6c45897eb3adbeeb71e76ecc.jpg Gallery: https://wellcomeimages.org/indexplus/image/L0022507.html Wellcome Collection gallery (2018-03-29): https://wellcomecollection.org/works/vg6qe854 CC-BY-4.0,https://commons.wikimedia.org/wiki/File:Five_(%3F)_headed_Shiva_Wellcome_L0022507.jpg,CC BY 4.0
Gajendramoksham-_salvation_of_the_Gajendra,data\processed\style_references\west_bengal\Gajendramoksham-_salvation_of_the_Gajendra.png,style_reference,west_bengal,data\style_references\west_bengal\Gajendramoksham-_salvation_of_the_Gajendra.jpg,,,,,,File:Gajendramoksham- salvation of the Gajendra.jpg,Rajan Guptta,Own work,https://commons.wikimedia.org/wiki/File:Gajendramoksham-_salvation_of_the_Gajendra.jpg,CC BY 4.0
Ganga_Kalighat_1875,data\processed\style_references\west_bengal\Ganga_Kalighat_1875.png,style_reference,west_bengal,data\style_references\west_bengal\Ganga_Kalighat_1875.jpg,,,,,,File:Ganga Kalighat 1875.jpg,Kalighant,This image has been extracted from another file,https://commons.wikimedia.org/wiki/File:Ganga_Kalighat_1875.jpg,Public domain
Hanuman_bringing_the_mountain_to_the_injured_Lakshmana_Wellcome_L0022499,data\processed\style_references\west_bengal\Hanuman_bringing_the_mountain_to_the_injured_Lakshmana_Wellcome_L0022499.png,style_reference,west_bengal,data\style_references\west_bengal\Hanuman_bringing_the_mountain_to_the_injured_Lakshmana_Wellcome_L0022499.jpg,,,,,,File:Hanuman bringing the mountain to the injured Lakshmana Wellcome L0022499.jpg,,https://wellcomeimages.org/indexplus/obf_images/58/86/4358ada53d56324a87cc255a4f10.jpg Gallery: https://wellcomeimages.org/indexplus/image/L0022499.html Wellcome Collection gallery (2018-03-29): https://wellcomecollection.org/works/fy4yxgv3 CC-BY-4.0,https://commons.wikimedia.org/wiki/File:Hanuman_bringing_the_mountain_to_the_injured_Lakshmana_Wellcome_L0022499.jpg,CC BY 4.0
Illustration_of_a_Bengali_proverb_two_watersnakes_swallowin_Wellcome_L0022508,data\processed\style_references\west_bengal\Illustration_of_a_Bengali_proverb_two_watersnakes_swallowin_Wellcome_L0022508.png,style_reference,west_bengal,data\style_references\west_bengal\Illustration_of_a_Bengali_proverb_two_watersnakes_swallowin_Wellcome_L0022508.jpg,,,,,,File:Illustration of a Bengali proverb; two watersnakes swallowin Wellcome L0022508.jpg,,https://wellcomeimages.org/indexplus/obf_images/e3/3f/ae0d0e65cb5ef52bc5f1947b140e.jpg Gallery: https://wellcomeimages.org/indexplus/image/L0022508.html Wellcome Collection gallery (2018-03-30): https://wellcomecollection.org/works/ns7mgxhc CC-BY-4.0,https://commons.wikimedia.org/wiki/File:Illustration_of_a_Bengali_proverb;_two_watersnakes_swallowin_Wellcome_L0022508.jpg,CC BY 4.0
India_Calcutta_Kalighat_painting_19th_century_-_Gaur_and_Nitai_-_2003.115_-_Cleveland_Museum_of_Art,data\processed\style_references\west_bengal\India_Calcutta_Kalighat_painting_19th_century_-_Gaur_and_Nitai_-_2003.115_-_Cleveland_Museum_of_Art.png,style_reference,west_bengal,data\style_references\west_bengal\India_Calcutta_Kalighat_painting_19th_century_-_Gaur_and_Nitai_-_2003.115_-_Cleveland_Museum_of_Art.jpg,,,,,,"File:India, Calcutta, Kalighat painting, 19th century - Gaur and Nitai - 2003.115 - Cleveland Museum of Art.jpg",anonymous,https://clevelandart.org/art/2003.115,"https://commons.wikimedia.org/wiki/File:India,_Calcutta,_Kalighat_painting,_19th_century_-_Gaur_and_Nitai_-_2003.115_-_Cleveland_Museum_of_Art.jpg",CC0
India_Calcutta_Kalighat_painting_19th_century_-_Kali_-_2003.116_-_Cleveland_Museum_of_Art,data\processed\style_references\west_bengal\India_Calcutta_Kalighat_painting_19th_century_-_Kali_-_2003.116_-_Cleveland_Museum_of_Art.png,style_reference,west_bengal,data\style_references\west_bengal\India_Calcutta_Kalighat_painting_19th_century_-_Kali_-_2003.116_-_Cleveland_Museum_of_Art.jpg,,,,,,"File:India, Calcutta, Kalighat painting, 19th century - Kali - 2003.116 - Cleveland Museum of Art.jpg",anonymous,https://clevelandart.org/art/2003.116,"https://commons.wikimedia.org/wiki/File:India,_Calcutta,_Kalighat_painting,_19th_century_-_Kali_-_2003.116_-_Cleveland_Museum_of_Art.jpg",CC0
India_Calcutta_Kalighat_painting_19th_century_-_Kali_-_2003.163_-_Cleveland_Museum_of_Art,data\processed\style_references\west_bengal\India_Calcutta_Kalighat_painting_19th_century_-_Kali_-_2003.163_-_Cleveland_Museum_of_Art.png,style_reference,west_bengal,data\style_references\west_bengal\India_Calcutta_Kalighat_painting_19th_century_-_Kali_-_2003.163_-_Cleveland_Museum_of_Art.jpg,,,,,,"File:India, Calcutta, Kalighat painting, 19th century - Kali - 2003.163 - Cleveland Museum of Art.jpg",anonymous,https://clevelandart.org/art/2003.163,"https://commons.wikimedia.org/wiki/File:India,_Calcutta,_Kalighat_painting,_19th_century_-_Kali_-_2003.163_-_Cleveland_Museum_of_Art.jpg",CC0
India_Calcutta_Kalighat_painting_19th_century_-_Kali_-_2003.164_-_Cleveland_Museum_of_Art,data\processed\style_references\west_bengal\India_Calcutta_Kalighat_painting_19th_century_-_Kali_-_2003.164_-_Cleveland_Museum_of_Art.png,style_reference,west_bengal,data\style_references\west_bengal\India_Calcutta_Kalighat_painting_19th_century_-_Kali_-_2003.164_-_Cleveland_Museum_of_Art.jpg,,,,,,"File:India, Calcutta, Kalighat painting, 19th century - Kali - 2003.164 - Cleveland Museum of Art.jpg",anonymous,https://clevelandart.org/art/2003.164,"https://commons.wikimedia.org/wiki/File:India,_Calcutta,_Kalighat_painting,_19th_century_-_Kali_-_2003.164_-_Cleveland_Museum_of_Art.jpg",CC0
India_Calcutta_Kalighat_painting_19th_century_-_Kalighat_Painting_-_2003.124_-_Cleveland_Museum_of_Art,data\processed\style_references\west_bengal\India_Calcutta_Kalighat_painting_19th_century_-_Kalighat_Painting_-_2003.124_-_Cleveland_Museum_of_Art.png,style_reference,west_bengal,data\style_references\west_bengal\India_Calcutta_Kalighat_painting_19th_century_-_Kalighat_Painting_-_2003.124_-_Cleveland_Museum_of_Art.jpg,,,,,,"File:India, Calcutta, Kalighat painting, 19th century - Kalighat Painting - 2003.124 - Cleveland Museum of Art.jpg",anonymous,https://clevelandart.org/art/2003.124,"https://commons.wikimedia.org/wiki/File:India,_Calcutta,_Kalighat_painting,_19th_century_-_Kalighat_Painting_-_2003.124_-_Cleveland_Museum_of_Art.jpg",CC0
India_Calcutta_Kalighat_painting_19th_century_-_Matsya_Fish_Avatara_of_Vishnu_-_2003.102_-_Cleveland_Museum_of_Art,data\processed\style_references\west_bengal\India_Calcutta_Kalighat_painting_19th_century_-_Matsya_Fish_Avatara_of_Vishnu_-_2003.102_-_Cleveland_Museum_of_Art.png,style_reference,west_bengal,data\style_references\west_bengal\India_Calcutta_Kalighat_painting_19th_century_-_Matsya_Fish_Avatara_of_Vishnu_-_2003.102_-_Cleveland_Museum_of_Art.jpg,,,,,,"File:India, Calcutta, Kalighat painting, 19th century - Matsya, Fish Avatara of Vishnu - 2003.102 - Cleveland Museum of Art.jpg",anonymous,https://clevelandart.org/art/2003.102,"https://commons.wikimedia.org/wiki/File:India,_Calcutta,_Kalighat_painting,_19th_century_-_Matsya,_Fish_Avatara_of_Vishnu_-_2003.102_-_Cleveland_Museum_of_Art.jpg",CC0
India_Calcutta_Kalighat_painting_19th_century_-_Rai_Raja_-_2003.123_-_Cleveland_Museum_of_Art,data\processed\style_references\west_bengal\India_Calcutta_Kalighat_painting_19th_century_-_Rai_Raja_-_2003.123_-_Cleveland_Museum_of_Art.png,style_reference,west_bengal,data\style_references\west_bengal\India_Calcutta_Kalighat_painting_19th_century_-_Rai_Raja_-_2003.123_-_Cleveland_Museum_of_Art.jpg,,,,,,"File:India, Calcutta, Kalighat painting, 19th century - ""Rai Raja"" - 2003.123 - Cleveland Museum of Art.jpg",anonymous,https://clevelandart.org/art/2003.123,"https://commons.wikimedia.org/wiki/File:India,_Calcutta,_Kalighat_painting,_19th_century_-_%22Rai_Raja%22_-_2003.123_-_Cleveland_Museum_of_Art.jpg",CC0
Asha_Jha_Madhubani_Painting_Bihar_Artist,data\processed\style_references\bihar\Asha_Jha_Madhubani_Painting_Bihar_Artist.png,style_reference,bihar,data\style_references\bihar\Asha_Jha_Madhubani_Painting_Bihar_Artist.jpg,,,,,,File:Asha Jha Madhubani Painting Bihar Artist.jpg,Alok Kriti,Own work,https://commons.wikimedia.org/wiki/File:Asha_Jha_Madhubani_Painting_Bihar_Artist.jpg,CC0
Bitia,data\processed\style_references\bihar\Bitia.png,style_reference,bihar,data\style_references\bihar\Bitia.jpg,,,,,,File:Bitia.jpg,Bharti Dayal,Own work,https://commons.wikimedia.org/wiki/File:Bitia.jpg,CC BY-SA 4.0
Colorful_Madhubani_painting,data\processed\style_references\bihar\Colorful_Madhubani_painting.png,style_reference,bihar,data\style_references\bihar\Colorful_Madhubani_painting.jpg,,,,,,File:Colorful Madhubani painting.jpg,Sharmapooja0403542,Own work,https://commons.wikimedia.org/wiki/File:Colorful_Madhubani_painting.jpg,CC BY-SA 4.0
Craft-2-from-Sunaina-Thakur,data\processed\style_references\bihar\Craft-2-from-Sunaina-Thakur.png,style_reference,bihar,data\style_references\bihar\Craft-2-from-Sunaina-Thakur.jpg,,,,,,File:Craft-2-from-Sunaina-Thakur.jpg,Shrishej,Own work,https://commons.wikimedia.org/wiki/File:Craft-2-from-Sunaina-Thakur.jpg,CC BY-SA 4.0
Craft-3-from-Sunaina-Thakur,data\processed\style_references\bihar\Craft-3-from-Sunaina-Thakur.png,style_reference,bihar,data\style_references\bihar\Craft-3-from-Sunaina-Thakur.jpg,,,,,,File:Craft-3-from-Sunaina-Thakur.jpg,Shrishej,Own work,https://commons.wikimedia.org/wiki/File:Craft-3-from-Sunaina-Thakur.jpg,CC BY-SA 4.0
Craft-4-from-Sunaina-Thakur,data\processed\style_references\bihar\Craft-4-from-Sunaina-Thakur.png,style_reference,bihar,data\style_references\bihar\Craft-4-from-Sunaina-Thakur.jpg,,,,,,File:Craft-4-from-Sunaina-Thakur.jpg,Shrishej,Own work,https://commons.wikimedia.org/wiki/File:Craft-4-from-Sunaina-Thakur.jpg,CC BY-SA 4.0
Craft-5-from-Sunaina-Thakur,data\processed\style_references\bihar\Craft-5-from-Sunaina-Thakur.png,style_reference,bihar,data\style_references\bihar\Craft-5-from-Sunaina-Thakur.jpg,,,,,,File:Craft-5-from-Sunaina-Thakur.jpg,Shrishej,Own work,https://commons.wikimedia.org/wiki/File:Craft-5-from-Sunaina-Thakur.jpg,CC BY-SA 4.0
Craft-6-from-Sunaina-Thakur,data\processed\style_references\bihar\Craft-6-from-Sunaina-Thakur.png,style_reference,bihar,data\style_references\bihar\Craft-6-from-Sunaina-Thakur.jpg,,,,,,File:Craft-6-from-Sunaina-Thakur.jpg,Shrishej,Own work,https://commons.wikimedia.org/wiki/File:Craft-6-from-Sunaina-Thakur.jpg,CC BY-SA 4.0
Devi6,data\processed\style_references\bihar\Devi6.png,style_reference,bihar,data\style_references\bihar\Devi6.JPG,,,,,,,,,,
Indian_train_decorated_with_Madhubani_painting,data\processed\style_references\bihar\Indian_train_decorated_with_Madhubani_painting.png,style_reference,bihar,data\style_references\bihar\Indian_train_decorated_with_Madhubani_painting.jpg,,,,,,File:Indian train decorated with Madhubani painting.jpg,Karan,Own work,https://commons.wikimedia.org/wiki/File:Indian_train_decorated_with_Madhubani_painting.jpg,CC BY-SA 4.0
Jharkhand_village_walls_depicting_tribal_life_by_madhubani_morals,data\processed\style_references\bihar\Jharkhand_village_walls_depicting_tribal_life_by_madhubani_morals.png,style_reference,bihar,data\style_references\bihar\Jharkhand_village_walls_depicting_tribal_life_by_madhubani_morals.jpg,,,,,,File:Jharkhand village walls depicting tribal life by madhubani morals.jpg,Md Khurshid,Own work,https://commons.wikimedia.org/wiki/File:Jharkhand_village_walls_depicting_tribal_life_by_madhubani_morals.jpg,CC BY-SA 4.0
Little_world_Aichi_prefecture_-_Main_exhibition_hall_-_Mithila_Painting_India_-_Krishna_and_Radha,data\processed\style_references\bihar\Little_world_Aichi_prefecture_-_Main_exhibition_hall_-_Mithila_Painting_India_-_Krishna_and_Radha.png,style_reference,bihar,data\style_references\bihar\Little_world_Aichi_prefecture_-_Main_exhibition_hall_-_Mithila_Painting_India_-_Krishna_and_Radha.jpg,,,,,,"File:Little world, Aichi prefecture - Main exhibition hall - Mithila Painting, India - Krishna and Radha.jpg",Yanajin33,Own work,"https://commons.wikimedia.org/wiki/File:Little_world,_Aichi_prefecture_-_Main_exhibition_hall_-_Mithila_Painting,_India_-_Krishna_and_Radha.jpg",CC BY-SA 3.0
Ma_Durga_at_Madhubani_style_at_Kolkata_AP,data\processed\style_references\bihar\Ma_Durga_at_Madhubani_style_at_Kolkata_AP.png,style_reference,bihar,data\style_references\bihar\Ma_Durga_at_Madhubani_style_at_Kolkata_AP.jpg,,,,,,File:Ma Durga at Madhubani style at Kolkata AP.jpg,Chiring chandan,Own work,https://commons.wikimedia.org/wiki/File:Ma_Durga_at_Madhubani_style_at_Kolkata_AP.jpg,CC BY-SA 4.0
Madhubani_art,data\processed\style_references\bihar\Madhubani_art.png,style_reference,bihar,data\style_references\bihar\Madhubani_art.jpg,,,,,,File:Madhubani art.jpg,Sumukhi Umesh. The creator of this work is not known.,Self-photographed,https://commons.wikimedia.org/wiki/File:Madhubani_art.jpg,FAL
Madhubani_art_at_Kochi,data\processed\style_references\bihar\Madhubani_art_at_Kochi.png,style_reference,bihar,data\style_references\bihar\Madhubani_art_at_Kochi.jpg,,,,,,File:Madhubani art at Kochi.jpg,Chiring chandan,Own work,https://commons.wikimedia.org/wiki/File:Madhubani_art_at_Kochi.jpg,CC BY-SA 4.0
Madhubani_folk_art,data\processed\style_references\bihar\Madhubani_folk_art.png,style_reference,bihar,data\style_references\bihar\Madhubani_folk_art.jpg,,,,,,File:Madhubani folk art.jpg,Aaronwarnerella,Own work,https://commons.wikimedia.org/wiki/File:Madhubani_folk_art.jpg,CC BY 4.0
Madhubani_folk_art_img02,data\processed\style_references\bihar\Madhubani_folk_art_img02.png,style_reference,bihar,data\style_references\bihar\Madhubani_folk_art_img02.jpg,,,,,,File:Madhubani folk art img02.jpg,Anugya..Chidar,Own work,https://commons.wikimedia.org/wiki/File:Madhubani_folk_art_img02.jpg,CC BY-SA 4.0
Madhubani_Mahavidyas,data\processed\style_references\bihar\Madhubani_Mahavidyas.png,style_reference,bihar,data\style_references\bihar\Madhubani_Mahavidyas.jpg,,,,,,File:Madhubani Mahavidyas.jpg,toyin adepoju,the_birth_of_ten_mahavidyas_with_shiva_parvati_dk47.jpg,https://commons.wikimedia.org/wiki/File:Madhubani_Mahavidyas.jpg,CC BY-SA 3.0
Madhubani_painiting,data\processed\style_references\bihar\Madhubani_painiting.png,style_reference,bihar,data\style_references\bihar\Madhubani_painiting.jpg,,,,,,File:Madhubani painiting.jpg,Elangovan 77,Own work,https://commons.wikimedia.org/wiki/File:Madhubani_painiting.jpg,CC BY-SA 4.0
Madhubani_Painting_2,data\processed\style_references\bihar\Madhubani_Painting_2.png,style_reference,bihar,data\style_references\bihar\Madhubani_Painting_2.jpg,,,,,,File:Madhubani Painting 2.jpg,Sarcastic_Speedster,Own work,https://commons.wikimedia.org/wiki/File:Madhubani_Painting_2.jpg,CC BY-SA 4.0
Madhubani_painting_at_Koci,data\processed\style_references\bihar\Madhubani_painting_at_Koci.png,style_reference,bihar,data\style_references\bihar\Madhubani_painting_at_Koci.jpg,,,,,,File:Madhubani painting at Koci.jpg,Chiring chandan,Own work,https://commons.wikimedia.org/wiki/File:Madhubani_painting_at_Koci.jpg,CC BY-SA 4.0
Madhubani_painting_by_Pooja,data\processed\style_references\bihar\Madhubani_painting_by_Pooja.png,style_reference,bihar,data\style_references\bihar\Madhubani_painting_by_Pooja.jpg,,,,,,File:Madhubani painting by Pooja.jpg,Eureka143,Own work,https://commons.wikimedia.org/wiki/File:Madhubani_painting_by_Pooja.jpg,CC BY-SA 4.0
Madhubani_painting_made_by_Pooja,data\processed\style_references\bihar\Madhubani_painting_made_by_Pooja.png,style_reference,bihar,data\style_references\bihar\Madhubani_painting_made_by_Pooja.jpg,,,,,,File:Madhubani painting made by Pooja.jpg,Eureka143,Own work,https://commons.wikimedia.org/wiki/File:Madhubani_painting_made_by_Pooja.jpg,CC BY-SA 4.0
Madhubani_painting_made_by_Poojabhardwaj,data\processed\style_references\bihar\Madhubani_painting_made_by_Poojabhardwaj.png,style_reference,bihar,data\style_references\bihar\Madhubani_painting_made_by_Poojabhardwaj.jpg,,,,,,File:Madhubani painting made by Poojabhardwaj.jpg,Eureka143,Own work,https://commons.wikimedia.org/wiki/File:Madhubani_painting_made_by_Poojabhardwaj.jpg,CC BY-SA 4.0
Madhubani_Painting_of_Ram_-_Sita_Vivah,data\processed\style_references\bihar\Madhubani_Painting_of_Ram_-_Sita_Vivah.png,style_reference,bihar,data\style_references\bihar\Madhubani_Painting_of_Ram_-_Sita_Vivah.jpg,,,,,,File:Madhubani Painting of Ram - Sita Vivah.jpg,Suyash Dwivedi,Own work,https://commons.wikimedia.org/wiki/File:Madhubani_Painting_of_Ram_-_Sita_Vivah.jpg,CC BY-SA 4.0
